VID1 | -10,08929, -15,17003 | OK | 8559
VID2 | 69,62525, -93,80077 | OK | 605
VID3 | -70,38491, 90,64508 | OK | 4211
VID4 | -31,61189, -115,51156 | OK | 3088
VID5 | 52.52000, 13.40500 | HIDDEN | 0
VID6 | 50.11092, 8.68213 | HIDDEN | 0
VID7 | 26,04256, -170,13934 | OK | 3229
VID8 | 66,74246, 64,18940 | OK | 8737
VID9 | -70,25393, 171,62321 | OK | 1764
VID10 | 48,71965, -98,33783 | OK | 1827
VID11 | -1,06129, -51,10959 | OK | 1260
VID12 | 48.13743, 11.57549 | HIDDEN | 0
VID13 | 17,14526, 29,91753 | OK | 7031
VID14 | -69,62965, 165,39039 | OK | 7369
VID15 | 26,69884, -123,02572 | OK | 6222
VID16 | -44,25858, -98,55250 | OK | 6384
VID17 | 48.13743, 11.57549 | HIDDEN | 0
VID18 | -36,70904, -170,06489 | OK | 6870
VID19 | 48.13743, 11.57549 | HIDDEN | 0
VID20 | -61,95276, -9,60076 | OK | 6107
VID21 | -26,99358, 119,57565 | OK | 5993
VID22 | -33,02929, -120,49798 | OK | 9640
VID23 | 5,40292, 168,70744 | OK | 6413
VID24 | 48.13743, 11.57549 | HIDDEN | 0
VID25 | -43,91893, 89,63362 | OK | 7707
VID26 | -67,56147, 115,92185 | OK | 7183
VID27 | -57,99221, -139,64792 | OK | 2673
VID28 | -66,90686, -28,84032 | OK | 6177
VID29 | 54,63118, -93,36239 | OK | 4489
VID30 | 59,73248, -157,01413 | OK | 8795
VID31 | 8,13612, -77,20397 | OK | 9666
VID32 | 45,38987, 53,34340 | OK | 6610
VID33 | 76,47052, -73,88720 | OK | 3490
VID34 | 48.13743, 11.57549 | HIDDEN | 0
VID35 | 5,28258, 64,94883 | OK | 3761
VID36 | -49,11778, -46,70331 | OK | 2941
VID37 | 50.11092, 8.68213 | HIDDEN | 0
VID38 | 52.52000, 13.40500 | HIDDEN | 0
VID39 | 52,42092, 112,26170 | OK | 1413
VID40 | 11,48275, 24,66423 | OK | 7748
VID41 | -6,87343, 140,11908 | OK | 288
VID42 | 38,93149, -16,21781 | OK | 4284
VID43 | 9,32053, -100,17953 | OK | 186
VID44 | -22,63440, 76,30037 | OK | 9669
VID45 | 34,81833, 95,22375 | OK | 6945
VID46 | 52.52000, 13.40500 | HIDDEN | 0
VID47 | -74,70949, -42,98083 | OK | 4894
VID48 | -26,42115, -116,91138 | OK | 7667
VID49 | -85,61198, -158,72521 | OK | 6063
VID50 | 82,75534, 133,80095 | OK | 4882
VID51 | 48.13743, 11.57549 | HIDDEN | 0
VID52 | -85,99542, 135,23342 | OK | 8806
VID53 | -42,18864, -149,78387 | OK | 6238
VID54 | -57,54818, 142,40423 | OK | 3411
VID55 | 64,86754, 92,60357 | OK | 5790
VID56 | -65,01364, -158,95994 | OK | 3899
VID57 | 15,06837, -33,47701 | OK | 6090
VID58 | 73,93047, -120,19529 | OK | 8341
VID59 | 48.13743, 11.57549 | HIDDEN | 0
VID60 | 48.13743, 11.57549 | HIDDEN | 0
VID61 | 9,93335, 148,07142 | OK | 3735
VID62 | 52.52000, 13.40500 | HIDDEN | 0
VID63 | 10,80816, 81,19316 | OK | 2183
VID64 | 6,49310, -40,95975 | OK | 1794
VID65 | -29,88060, 144,69188 | OK | 1672
VID66 | 50.11092, 8.68213 | HIDDEN | 0
VID67 | 86,98543, 2,63711 | OK | 9897
VID68 | -80,65986, 48,12007 | OK | 6791
VID69 | -7,91036, 158,60166 | OK | 5096
VID70 | 40,08886, -123,56180 | OK | 5214
VID71 | 50.11092, 8.68213 | HIDDEN | 0
VID72 | -57,42601, -103,31883 | OK | 5034
VID73 | 64,52006, 151,95885 | OK | 4594
VID74 | 52,22150, -35,80373 | OK | 6947
VID75 | -1,26657, -63,34578 | OK | 3705
VID76 | 86,15193, 83,11578 | OK | 6466
VID77 | -37,28443, -149,71832 | OK | 6077
VID78 | -78,88016, 95,27960 | OK | 7812
VID79 | 48.13743, 11.57549 | HIDDEN | 0
VID80 | 6,75169, -133,31536 | OK | 9090
VID81 | 23,92452, -134,62479 | OK | 7072
VID82 | -39,84575, 96,46554 | OK | 7147
VID83 | -11,21890, 37,93225 | OK | 7005
VID84 | -75,58652, 156,26321 | OK | 8174
VID85 | -65,67405, 55,14226 | OK | 8580
VID86 | 48.13743, 11.57549 | HIDDEN | 0
VID87 | 48.13743, 11.57549 | HIDDEN | 0
VID88 | 52.52000, 13.40500 | HIDDEN | 0
VID89 | -50,04210, 59,79421 | OK | 3880
VID90 | 47,49063, 84,68147 | OK | 3508
VID91 | 59,09889, -120,40882 | OK | 7946
VID92 | -89,61616, -160,92197 | OK | 887
VID93 | 52.52000, 13.40500 | HIDDEN | 0
VID94 | -55,49394, 99,74315 | OK | 6514
VID95 | -0,62090, 138,81698 | OK | 3241
VID96 | 13,15543, -81,19217 | OK | 7699
VID97 | 53,71394, -143,38293 | OK | 3762
VID98 | -26,56544, -63,22552 | OK | 2037
VID99 | -58,96416, 166,58738 | OK | 832
VID100 | 48.13743, 11.57549 | HIDDEN | 0
VID101 | 50.11092, 8.68213 | HIDDEN | 0
VID102 | -50,59318, 98,68594 | OK | 5093
VID103 | 79,77753, -84,91673 | OK | 6556
VID104 | 15,38236, -107,36128 | OK | 2215
VID105 | 52.52000, 13.40500 | HIDDEN | 0
VID106 | -53,04617, -165,58240 | OK | 581
VID107 | 83,08813, 56,65656 | OK | 5589
VID108 | -24,84384, -121,30618 | OK | 6675
VID109 | 52.52000, 13.40500 | HIDDEN | 0
VID110 | 16,55445, 136,53760 | OK | 9791
VID111 | -27,16596, 113,29274 | OK | 3397
VID112 | 50.11092, 8.68213 | HIDDEN | 0
VID113 | 50.11092, 8.68213 | HIDDEN | 0
VID114 | 48.13743, 11.57549 | HIDDEN | 0
VID115 | 33,90299, -7,73895 | OK | 7325
VID116 | -87,36852, 41,82788 | OK | 3001
VID117 | 25,26642, 36,22333 | OK | 8672
VID118 | 10,94318, 71,24187 | OK | 2108
VID119 | -21,83955, 176,49174 | OK | 3612
VID120 | -88,66408, 88,78859 | OK | 7569
VID121 | -21,67090, 138,57371 | OK | 8695
VID122 | -36,42762, -140,36666 | OK | 7219
VID123 | 52.52000, 13.40500 | HIDDEN | 0
VID124 | 86,91590, 54,30871 | OK | 1675
VID125 | -11,29851, -102,17999 | OK | 9594
VID126 | 1,52505, -128,77091 | OK | 1307
VID127 | -74,90516, 90,77651 | OK | 3158
VID128 | -47,42929, -92,99320 | OK | 4069
VID129 | 16,84345, -165,78571 | OK | 1944
VID130 | 20,41980, -66,51892 | OK | 7485
VID131 | -89,96597, 163,69139 | OK | 6964
VID132 | -61,51715, 101,85477 | OK | 7873
VID133 | 25,01093, 4,20129 | OK | 163
VID134 | -16,59823, -94,94563 | OK | 6011
VID135 | 70,54945, 92,81106 | OK | 5068
VID136 | -52,39855, 10,01293 | OK | 4777
VID137 | -72,30914, -121,49523 | OK | 7800
VID138 | -39,94251, -168,83357 | OK | 2206
VID139 | -55,22338, -136,83818 | OK | 3658
VID140 | -87,91328, -74,54955 | OK | 2994
VID141 | 52.52000, 13.40500 | HIDDEN | 0
VID142 | -4,76546, -121,51511 | OK | 7411
VID143 | 52.52000, 13.40500 | HIDDEN | 0
VID144 | -72,33413, 58,66461 | OK | 3816
VID145 | -44,02192, -64,93055 | OK | 5764
VID146 | 59,25042, 115,97804 | OK | 2627
VID147 | 75,44203, 127,22957 | OK | 1811
VID148 | -36,85751, -44,55016 | OK | 9080
VID149 | 52.52000, 13.40500 | HIDDEN | 0
VID150 | -25,83016, -96,56361 | OK | 6683
VID151 | -4,99768, -128,17100 | OK | 2004
VID152 | 37,83198, 156,75265 | OK | 3152
VID153 | 50,83109, -36,66590 | OK | 1132
VID154 | 20,96186, -95,78710 | OK | 8802
VID155 | 13,93866, 151,26245 | OK | 8866
VID156 | -32,65539, 71,82226 | OK | 4825
VID157 | -27,87201, 84,88091 | OK | 7037
VID158 | 14,41190, -17,88965 | OK | 6214
VID159 | 7,31051, 74,17818 | OK | 8837
VID160 | 37,17539, -158,49147 | OK | 4288
VID161 | 40,71084, 131,80109 | OK | 748
VID162 | -77,16184, -121,94071 | OK | 5042
VID163 | -78,35817, 126,73199 | OK | 8455
VID164 | 66,10006, 50,97441 | OK | 2639
VID165 | 7,67346, -76,63047 | OK | 632
VID166 | -40,44570, -96,18531 | OK | 3463
VID167 | 48.13743, 11.57549 | HIDDEN | 0
VID168 | 18,19907, 11,50063 | OK | 1688
VID169 | -38,47378, 122,16980 | OK | 9327
VID170 | -66,44789, 16,64539 | OK | 2419
VID171 | -29,60148, -148,42481 | OK | 7362
VID172 | 45,93511, -59,98399 | OK | 1532
VID173 | -77,56932, 118,66599 | OK | 8066
VID174 | 50.11092, 8.68213 | HIDDEN | 0
VID175 | -44,97161, 52,76238 | OK | 2809
VID176 | 44,69462, 18,48664 | OK | 9871
VID177 | 12,12575, 144,66360 | OK | 8747
VID178 | 50.11092, 8.68213 | HIDDEN | 0
VID179 | 48.13743, 11.57549 | HIDDEN | 0
VID180 | 48.13743, 11.57549 | HIDDEN | 0
VID181 | 52.52000, 13.40500 | HIDDEN | 0
VID182 | -25,97979, -22,58143 | OK | 1585
VID183 | 76,64154, -30,23787 | OK | 3665
VID184 | -77,92531, -158,57530 | OK | 4521
VID185 | -12,18661, 99,25843 | OK | 8472
VID186 | -28,62192, 31,63074 | OK | 7894
VID187 | 52.52000, 13.40500 | HIDDEN | 0
VID188 | 2,16324, -8,42328 | OK | 8063
VID189 | 10,45797, 65,94204 | OK | 9234
VID190 | 5,18275, -12,12069 | OK | 8179
VID191 | -24,58773, 1,41063 | OK | 9841
VID192 | 79,13932, 114,82245 | OK | 2931
VID193 | 50.11092, 8.68213 | HIDDEN | 0
VID194 | -53,81357, 159,71395 | OK | 3944
VID195 | 52.52000, 13.40500 | HIDDEN | 0
VID196 | -16,80506, -83,91462 | OK | 3401
VID197 | 45,43946, 75,45523 | OK | 9766
VID198 | -85,20885, 72,27982 | OK | 9027
VID199 | -22,43722, 63,26175 | OK | 3386
VID200 | -1,49021, -38,74016 | OK | 3853
VID201 | 52.52000, 13.40500 | HIDDEN | 0
VID202 | 80,93451, -73,83039 | OK | 3
VID203 | 78,76686, 67,16406 | OK | 1200
VID204 | 50.11092, 8.68213 | HIDDEN | 0
VID205 | -67,33579, 157,11623 | OK | 2607
VID206 | 81,02341, 36,75026 | OK | 8203
VID207 | -48,06287, 59,11728 | OK | 9607
VID208 | 72,63921, -131,03934 | OK | 2517
VID209 | 39,59956, -119,12174 | OK | 3887
VID210 | 26,76699, 35,86552 | OK | 7956
VID211 | 28,67228, 124,65528 | OK | 9800
VID212 | -23,50061, 80,14283 | OK | 411
VID213 | 59,19143, 68,13780 | OK | 6286
VID214 | 70,09501, 21,10431 | OK | 2876
VID215 | 67,01016, 105,49524 | OK | 1044
VID216 | 69,86448, -101,51819 | OK | 4406
VID217 | 50.11092, 8.68213 | HIDDEN | 0
VID218 | 52.52000, 13.40500 | HIDDEN | 0
VID219 | 48.13743, 11.57549 | HIDDEN | 0
VID220 | 48.13743, 11.57549 | HIDDEN | 0
VID221 | 50.11092, 8.68213 | HIDDEN | 0
VID222 | 48.13743, 11.57549 | HIDDEN | 0
VID223 | -83,42510, -118,90406 | OK | 9833
VID224 | 22,48022, 169,90377 | OK | 5908
VID225 | 19,61402, -105,21741 | OK | 7755
VID226 | 22,44045, -47,52454 | OK | 3593
VID227 | 76,10577, 103,11966 | OK | 1819
VID228 | 40,05245, 52,04199 | OK | 7192
VID229 | -59,93201, -60,61557 | OK | 5951
VID230 | 50.11092, 8.68213 | HIDDEN | 0
VID231 | -3,81455, 24,49154 | OK | 4317
VID232 | 31,92076, -28,90812 | OK | 6059
VID233 | 52,95252, -140,63622 | OK | 7515
VID234 | 41,02153, 150,48906 | OK | 1694
VID235 | 44,23620, 21,26205 | OK | 8631
VID236 | -61,62871, 113,97366 | OK | 6721
VID237 | -79,64236, 60,08938 | OK | 1860
VID238 | -9,73794, -62,56786 | OK | 3388
VID239 | -24,47420, -22,62674 | OK | 5222
VID240 | 52.52000, 13.40500 | HIDDEN | 0
VID241 | 48,20893, -121,84503 | OK | 6755
VID242 | 17,16220, 179,15576 | OK | 4905
VID243 | 26,99426, -168,48120 | OK | 8170
VID244 | -18,42602, 136,76620 | OK | 1206
VID245 | 50,21350, -116,16473 | OK | 3062
VID246 | -16,30499, -45,15899 | OK | 9440
VID247 | 48.13743, 11.57549 | HIDDEN | 0
VID248 | 34,72736, 95,40070 | OK | 6364
VID249 | -43,14537, -66,70742 | OK | 6865
VID250 | -21,02248, -13,71550 | OK | 9769
VID251 | -35,12364, 30,62649 | OK | 9004
VID252 | 23,15275, 160,27459 | OK | 4718
VID253 | 45,76156, 97,09472 | OK | 3337
VID254 | -66,30102, -6,56246 | OK | 9868
VID255 | 52.52000, 13.40500 | HIDDEN | 0
VID256 | 45,02223, 60,76757 | OK | 7060
VID257 | -14,96308, -31,55010 | OK | 1215
VID258 | -77,27357, 106,45608 | OK | 1638
VID259 | 88,49366, 117,88736 | OK | 6341
VID260 | -77,37057, 54,21207 | OK | 9742
VID261 | 52.52000, 13.40500 | HIDDEN | 0
VID262 | -77,36364, 173,45891 | OK | 4156
VID263 | -33,92444, 20,97703 | OK | 3033
VID264 | 48.13743, 11.57549 | HIDDEN | 0
VID265 | 74,51889, -129,93886 | OK | 4025
VID266 | 48.13743, 11.57549 | HIDDEN | 0
VID267 | -19,66641, -92,45956 | OK | 177
VID268 | -8,86720, -157,77060 | OK | 6103
VID269 | 32,45094, -119,64748 | OK | 3149
VID270 | 50.11092, 8.68213 | HIDDEN | 0
VID271 | 50.11092, 8.68213 | HIDDEN | 0
VID272 | 87,38913, -26,08578 | OK | 551
VID273 | -34,64096, 5,57341 | OK | 9573
VID274 | -82,15080, -68,33975 | OK | 2249
VID275 | 13,98297, -75,12245 | OK | 2098
VID276 | 11,33918, -42,92180 | OK | 6378
VID277 | -51,12776, -141,22314 | OK | 3763
VID278 | 79,15556, 144,26190 | OK | 9861
VID279 | -79,99220, 34,69736 | OK | 5537
VID280 | -43,04290, 53,86740 | OK | 5433
VID281 | 20,24998, -54,59698 | OK | 3590
VID282 | 41,85672, 3,62126 | OK | 7298
VID283 | -43,15546, -79,97369 | OK | 667
VID284 | 48.13743, 11.57549 | HIDDEN | 0
VID285 | -36,48050, 38,49364 | OK | 9413
VID286 | 54,59837, -137,95188 | OK | 7834
VID287 | 48.13743, 11.57549 | HIDDEN | 0
VID288 | 76,47751, 21,75176 | OK | 812
VID289 | 45,48892, -61,70970 | OK | 9526
VID290 | 56,65414, 142,70943 | OK | 7143
VID291 | 64,90770, -159,40209 | OK | 4869
VID292 | 59,98377, 35,25143 | OK | 5920
VID293 | -80,35993, -34,74616 | OK | 9585
VID294 | 48.13743, 11.57549 | HIDDEN | 0
VID295 | 17,11111, 69,04403 | OK | 9097
VID296 | 69,72115, 68,83512 | OK | 4511
VID297 | -84,09353, -133,55868 | OK | 6990
VID298 | -12,20118, 57,41827 | OK | 8938
VID299 | 48.13743, 11.57549 | HIDDEN | 0
VID300 | 64,11804, 16,12586 | OK | 9394
VID301 | 75,31991, -34,93144 | OK | 7520
VID302 | 50.11092, 8.68213 | HIDDEN | 0
VID303 | -11,85498, 125,90316 | OK | 3741
VID304 | -43,07752, -152,07336 | OK | 5854
VID305 | 70,19717, 179,63392 | OK | 7573
VID306 | -78,22597, -35,24774 | OK | 8083
VID307 | 89,75007, -101,01328 | OK | 9958
VID308 | -13,13012, -73,96959 | OK | 5040
VID309 | 14,25011, 95,62387 | OK | 6323
VID310 | 15,44408, -81,45999 | OK | 8777
VID311 | -3,14027, 12,16728 | OK | 8438
VID312 | 52.52000, 13.40500 | HIDDEN | 0
VID313 | 48,72647, -55,78626 | OK | 4053
VID314 | 52.52000, 13.40500 | HIDDEN | 0
VID315 | -54,01399, 28,88366 | OK | 3832
VID316 | -89,65990, 1,01562 | OK | 1903
VID317 | 50.11092, 8.68213 | HIDDEN | 0
VID318 | 40,63086, -80,47778 | OK | 6384
VID319 | -57,16005, -154,60595 | OK | 6233
VID320 | -54,10298, 115,05532 | OK | 8746
VID321 | 48.13743, 11.57549 | HIDDEN | 0
VID322 | 52.52000, 13.40500 | HIDDEN | 0
VID323 | 52.52000, 13.40500 | HIDDEN | 0
VID324 | 48.13743, 11.57549 | HIDDEN | 0
VID325 | -3,09713, -51,60591 | OK | 7120
VID326 | 74,35244, 29,51214 | OK | 6389
VID327 | -19,49658, 80,54779 | OK | 5926
VID328 | 65,73321, 7,15849 | OK | 789
VID329 | -82,03861, 57,63335 | OK | 5977
VID330 | 33,11031, 121,53107 | OK | 245
VID331 | -50,59136, 43,42150 | OK | 6604
VID332 | 80,06162, 39,53439 | OK | 4916
VID333 | 10,42533, -5,00731 | OK | 9450
VID334 | 13,97898, 32,79842 | OK | 2336
VID335 | -13,23754, 2,11500 | OK | 6694
VID336 | 86,99963, 155,44819 | OK | 4144
VID337 | 48.13743, 11.57549 | HIDDEN | 0
VID338 | -50,98153, 28,69627 | OK | 5981
VID339 | 48.13743, 11.57549 | HIDDEN | 0
VID340 | 34,97242, -0,70042 | OK | 8702
VID341 | 14,43203, -179,67170 | OK | 6778
VID342 | 19,28550, -44,11710 | OK | 5363
VID343 | -56,81429, -6,08081 | OK | 9146
VID344 | 70,19968, -112,17162 | OK | 3093
VID345 | 60,69807, -37,46354 | OK | 6607
VID346 | 50.11092, 8.68213 | HIDDEN | 0
VID347 | -63,60026, -5,44086 | OK | 960
VID348 | -57,24398, -116,63751 | OK | 8267
VID349 | -13,90754, 114,16883 | OK | 306
VID350 | 48.13743, 11.57549 | HIDDEN | 0
VID351 | -9,02858, -146,11230 | OK | 4231
VID352 | 82,72550, -69,45627 | OK | 4162
VID353 | -70,45009, 53,03252 | OK | 9048
VID354 | -51,73806, 1,94758 | OK | 7167
VID355 | -17,51012, 88,42043 | OK | 8254
VID356 | -0,42662, -6,09814 | OK | 8123
VID357 | 9,84121, 2,84025 | OK | 40
VID358 | 76,39352, -147,19026 | OK | 2234
VID359 | 63,43269, 171,04192 | OK | 8224
VID360 | 87,74925, -75,13917 | OK | 4951
VID361 | 81,37248, 47,21448 | OK | 3701
VID362 | 48.13743, 11.57549 | HIDDEN | 0
VID363 | -71,27461, -67,67482 | OK | 30
VID364 | 71,48232, 177,94690 | OK | 6198
VID365 | 50.11092, 8.68213 | HIDDEN | 0
VID366 | 70,79681, -90,59339 | OK | 4998
VID367 | -44,23615, -137,95171 | OK | 5476
VID368 | 52.52000, 13.40500 | HIDDEN | 0
VID369 | 32,94352, 96,83175 | OK | 8840
VID370 | 48.13743, 11.57549 | HIDDEN | 0
VID371 | -63,66082, -119,32108 | OK | 7652
VID372 | -30,94162, 88,95499 | OK | 2506
VID373 | 74,75640, -133,07725 | OK | 1838
VID374 | -69,23179, -62,76728 | OK | 4462
VID375 | 23,60718, 169,14621 | OK | 7516
VID376 | 52.52000, 13.40500 | HIDDEN | 0
VID377 | -36,61092, 79,54150 | OK | 7297
VID378 | 0,29945, -67,76983 | OK | 2207
VID379 | 81,63917, -96,73944 | OK | 4087
VID380 | 50.11092, 8.68213 | HIDDEN | 0
VID381 | -69,52079, 101,10750 | OK | 3819
VID382 | 12,77518, 34,81109 | OK | 1235
VID383 | 52.52000, 13.40500 | HIDDEN | 0
VID384 | 85,12479, -115,76006 | OK | 8982
VID385 | 40,38488, -149,43473 | OK | 574
VID386 | 21,15488, 79,66733 | OK | 9243
VID387 | 36,88347, -85,68093 | OK | 7897
VID388 | 52.52000, 13.40500 | HIDDEN | 0
VID389 | -87,15290, 42,55578 | OK | 776
VID390 | -83,32555, -40,79833 | OK | 1304
VID391 | 54,10375, -104,31941 | OK | 6054
VID392 | -19,79523, 87,18164 | OK | 2975
VID393 | -18,56478, -145,32217 | OK | 6839
VID394 | 0,64333, -29,19484 | OK | 2900
VID395 | -82,24402, 20,38066 | OK | 4708
VID396 | 3,93691, 5,77612 | OK | 6260
VID397 | 58,41435, 139,70270 | OK | 7198
VID398 | 42,80522, -130,97885 | OK | 8739
VID399 | 33,29009, -96,00035 | OK | 9765
VID400 | -56,19253, -76,09397 | OK | 562
VID401 | -53,78186, 86,34188 | OK | 2245
VID402 | 52.52000, 13.40500 | HIDDEN | 0
VID403 | -28,79579, -125,30733 | OK | 8817
VID404 | -2,21997, -177,98919 | OK | 9016
VID405 | 27,26313, -108,67493 | OK | 8638
VID406 | 42,39909, -150,69309 | OK | 3779
VID407 | -43,14974, 178,65864 | OK | 5490
VID408 | 50.11092, 8.68213 | HIDDEN | 0
VID409 | 21,71611, 72,55874 | OK | 6297
VID410 | -36,31661, 149,63025 | OK | 9752
VID411 | -11,95842, -15,71187 | OK | 6967
VID412 | -13,23587, -64,42295 | OK | 5072
VID413 | 50.11092, 8.68213 | HIDDEN | 0
VID414 | 69,94772, 137,86808 | OK | 7768
VID415 | -60,23498, -73,12236 | OK | 306
VID416 | 50.11092, 8.68213 | HIDDEN | 0
VID417 | 50.11092, 8.68213 | HIDDEN | 0
VID418 | 52.52000, 13.40500 | HIDDEN | 0
VID419 | 27,98940, 167,78497 | OK | 4207
VID420 | -60,87019, 31,47829 | OK | 3096
VID421 | 50.11092, 8.68213 | HIDDEN | 0
VID422 | 50.11092, 8.68213 | HIDDEN | 0
VID423 | 75,68555, -35,46426 | OK | 5895
VID424 | 70,79777, -121,55939 | OK | 6945
VID425 | 47,76881, 178,24799 | OK | 7435
VID426 | -59,16054, 157,20745 | OK | 9773
VID427 | 50.11092, 8.68213 | HIDDEN | 0
VID428 | 33,89114, 48,37396 | OK | 1124
VID429 | -45,54621, -148,71061 | OK | 1493
VID430 | 62,54071, 51,62521 | OK | 34
VID431 | 0,88926, 151,77456 | OK | 8909
VID432 | 7,62144, -84,10824 | OK | 6659
VID433 | -3,58337, -144,70823 | OK | 8485
VID434 | 35,19791, 76,95709 | OK | 3880
VID435 | 31,61470, -52,37547 | OK | 9875
VID436 | -7,90411, 37,70335 | OK | 3570
VID437 | 0,79363, 171,74564 | OK | 8718
VID438 | 50.11092, 8.68213 | HIDDEN | 0
VID439 | -38,99485, 89,78342 | OK | 3014
VID440 | -43,59803, -110,05845 | OK | 7298
VID441 | -4,38261, -88,15805 | OK | 7863
VID442 | 66,78661, 176,48088 | OK | 7378
VID443 | 63,50394, -136,11703 | OK | 5260
VID444 | 32,03024, -10,11365 | OK | 9037
VID445 | 50.11092, 8.68213 | HIDDEN | 0
VID446 | -54,04358, -59,70334 | OK | 1050
VID447 | 19,41668, -37,58508 | OK | 1717
VID448 | 7,21970, 148,75587 | OK | 7350
VID449 | -64,35445, -139,42952 | OK | 5736
VID450 | 52.52000, 13.40500 | HIDDEN | 0
VID451 | 10,41923, -98,63063 | OK | 4742
VID452 | 73,10103, 163,80036 | OK | 8469
VID453 | 13,73591, 9,34690 | OK | 7733
VID454 | -40,49833, -156,78387 | OK | 2965
VID455 | 56,05883, -71,90438 | OK | 7015
VID456 | -16,20689, -56,96641 | OK | 4256
VID457 | -27,17361, 23,14045 | OK | 446
VID458 | 50.11092, 8.68213 | HIDDEN | 0
VID459 | -1,01403, -26,34076 | OK | 7100
VID460 | -7,91871, -163,81276 | OK | 4975
VID461 | -19,02785, 31,89686 | OK | 3275
VID462 | 26,99088, -121,66301 | OK | 1087
VID463 | 48.13743, 11.57549 | HIDDEN | 0
VID464 | 48.13743, 11.57549 | HIDDEN | 0
VID465 | 7,81249, 36,48551 | OK | 5701
VID466 | -45,44801, -47,25026 | OK | 2494
VID467 | -13,49104, -21,66162 | OK | 6556
VID468 | -77,62887, 99,59218 | OK | 1582
VID469 | 50.11092, 8.68213 | HIDDEN | 0
VID470 | 50.11092, 8.68213 | HIDDEN | 0
VID471 | 64,36684, -151,62811 | OK | 4119
VID472 | -6,49387, -52,55835 | OK | 6405
VID473 | 52.52000, 13.40500 | HIDDEN | 0
VID474 | -67,20509, -125,82324 | OK | 1965
VID475 | -48,75680, 94,25377 | OK | 9462
VID476 | 75,03284, -139,52761 | OK | 1863
VID477 | 48.13743, 11.57549 | HIDDEN | 0
VID478 | 44,76919, -124,72216 | OK | 2888
VID479 | 50.11092, 8.68213 | HIDDEN | 0
VID480 | -57,60243, -26,19858 | OK | 110
VID481 | -59,11254, 14,98880 | OK | 2923
VID482 | 10,13243, 142,69672 | OK | 236
VID483 | 13,35280, 42,77703 | OK | 3397
VID484 | 81,20558, -108,92510 | OK | 7853
VID485 | -37,84859, 73,80737 | OK | 8846
VID486 | -21,93433, 129,34870 | OK | 2390
VID487 | 60,35061, 13,17956 | OK | 4084
VID488 | -4,85507, 8,59717 | OK | 6962
VID489 | -18,01504, 120,90158 | OK | 2954
VID490 | 10,10537, -14,48945 | OK | 792
VID491 | 26,93553, -75,80341 | OK | 9102
VID492 | -67,72583, -67,28097 | OK | 3090
VID493 | -51,68355, -7,14123 | OK | 3262
VID494 | 23,31659, 74,49185 | OK | 3060
VID495 | 50.11092, 8.68213 | HIDDEN | 0
VID496 | 9,78266, 118,68401 | OK | 7602
VID497 | 83,09800, 5,06801 | OK | 4132
VID498 | -13,00634, -74,88085 | OK | 8623
VID499 | -36,87023, -63,32329 | OK | 6191
VID500 | -76,02105, -143,30012 | OK | 1370
VID501 | -47,93667, 68,77229 | OK | 5056
VID502 | -80,61201, 2,34431 | OK | 5853
VID503 | 48.13743, 11.57549 | HIDDEN | 0
VID504 | -58,46711, 37,41653 | OK | 3070
VID505 | 82,53492, 2,63980 | OK | 570
VID506 | -66,18219, -136,49194 | OK | 8381
VID507 | -86,44707, -104,18812 | OK | 3442
VID508 | -55,19517, -120,96122 | OK | 8426
VID509 | 35,90641, 111,20801 | OK | 8303
VID510 | -8,71795, -104,13566 | OK | 9436
VID511 | 19,96536, 57,32854 | OK | 7029
VID512 | 0,42037, 75,96773 | OK | 6276
VID513 | -28,54975, 137,63050 | OK | 2804
VID514 | 37,00186, 157,91059 | OK | 8235
VID515 | -70,09209, -24,02114 | OK | 3686
VID516 | 48.13743, 11.57549 | HIDDEN | 0
VID517 | 22,21318, 94,71230 | OK | 7056
VID518 | -43,15991, -155,73768 | OK | 5443
VID519 | -29,20469, -157,41926 | OK | 2982
VID520 | 13,26118, -66,11751 | OK | 6595
VID521 | -3,61999, 159,03582 | OK | 9927
VID522 | 50.11092, 8.68213 | HIDDEN | 0
VID523 | 68,45665, -105,46028 | OK | 9266
VID524 | -89,93099, 72,61397 | OK | 7071
VID525 | 50.11092, 8.68213 | HIDDEN | 0
VID526 | -15,98836, -48,15894 | OK | 9165
VID527 | 55,01544, -108,23631 | OK | 836
VID528 | 84,76533, 63,44484 | OK | 5116
VID529 | -82,20790, -90,74995 | OK | 9578
VID530 | 62,56995, -93,21745 | OK | 989
VID531 | -3,25352, -41,45408 | OK | 6541
VID532 | 52.52000, 13.40500 | HIDDEN | 0
VID533 | -61,26067, -23,88292 | OK | 6021
VID534 | -33,28294, -100,88385 | OK | 7599
VID535 | 13,69660, 2,05465 | OK | 3270
VID536 | -83,59262, -52,47321 | OK | 904
VID537 | 50.11092, 8.68213 | HIDDEN | 0
VID538 | 16,09728, -16,30949 | OK | 3966
VID539 | -46,77017, 111,76380 | OK | 6340
VID540 | 48.13743, 11.57549 | HIDDEN | 0
VID541 | 75,50809, 17,04692 | OK | 9482
VID542 | 79,65790, -41,62656 | OK | 905
VID543 | 28,79238, 6,90117 | OK | 2604
VID544 | 33,50091, 84,68694 | OK | 7458
VID545 | -62,07641, -27,02720 | OK | 7692
VID546 | -72,41316, 31,88536 | OK | 8046
VID547 | 18,82906, 88,99161 | OK | 3018
VID548 | 77,49678, 91,18463 | OK | 4106
VID549 | 52.52000, 13.40500 | HIDDEN | 0
VID550 | -16,65314, 32,12680 | OK | 7453
VID551 | -31,11446, -0,47175 | OK | 2449
VID552 | -76,14967, -82,95489 | OK | 3029
VID553 | 50.11092, 8.68213 | HIDDEN | 0
VID554 | 31,75988, 147,26244 | OK | 8951
VID555 | -51,81746, -73,58696 | OK | 3752
VID556 | -27,34969, -59,59629 | OK | 3518
VID557 | 69,71325, -6,89316 | OK | 3307
VID558 | -84,07995, 63,61786 | OK | 234
VID559 | -36,26048, 168,90903 | OK | 8055
VID560 | 50.11092, 8.68213 | HIDDEN | 0
VID561 | 32,05855, -73,67556 | OK | 282
VID562 | 44,39769, 81,75092 | OK | 6224
VID563 | -56,33011, 1,48119 | OK | 5022
VID564 | 74,58750, -108,62285 | OK | 7307
VID565 | 52.52000, 13.40500 | HIDDEN | 0
VID566 | 50.11092, 8.68213 | HIDDEN | 0
VID567 | -16,25771, 76,62263 | OK | 7606
VID568 | -54,84279, -64,23412 | OK | 6182
VID569 | 52.52000, 13.40500 | HIDDEN | 0
VID570 | 18,05877, -49,32846 | OK | 9804
VID571 | 16,91362, 113,88894 | OK | 8825
VID572 | -84,72852, -6,64845 | OK | 4249
VID573 | 57,79393, -13,74928 | OK | 1203
VID574 | 50.11092, 8.68213 | HIDDEN | 0
VID575 | -21,86017, 167,17382 | OK | 4524
VID576 | -37,02931, -86,26301 | OK | 654
VID577 | -26,35565, -12,96216 | OK | 3771
VID578 | -83,20570, 41,98775 | OK | 6060
VID579 | 73,19549, 173,53248 | OK | 5412
VID580 | -46,82251, 45,40748 | OK | 1034
VID581 | 19,76258, 169,32562 | OK | 5778
VID582 | 5,34223, 141,61030 | OK | 4800
VID583 | -57,25636, 41,48262 | OK | 9596
VID584 | -51,82781, 29,41605 | OK | 8899
VID585 | 50.11092, 8.68213 | HIDDEN | 0
VID586 | 68,52908, 153,41962 | OK | 9246
VID587 | 52.52000, 13.40500 | HIDDEN | 0
VID588 | 35,90079, 136,64236 | OK | 6392
VID589 | -65,98759, 117,21926 | OK | 155
VID590 | -65,96875, -55,71371 | OK | 8436
VID591 | 33,47238, -100,85698 | OK | 8033
VID592 | -23,56166, -77,94437 | OK | 4216
VID593 | 9,94645, 134,02704 | OK | 2126
VID594 | 52.52000, 13.40500 | HIDDEN | 0
VID595 | -26,87794, 113,42148 | OK | 5883
VID596 | 77,64215, -11,16936 | OK | 999
VID597 | -32,37766, -165,30290 | OK | 4885
VID598 | 42,60820, 22,37011 | OK | 5410
VID599 | -26,43996, 132,84436 | OK | 2400
VID600 | 52.52000, 13.40500 | HIDDEN | 0
VID601 | -53,91465, -67,17565 | OK | 7005
VID602 | 79,82115, 98,82533 | OK | 848
VID603 | -70,03898, 42,55046 | OK | 6638
VID604 | 2,81097, -54,43687 | OK | 4361
VID605 | -69,15594, 93,28620 | OK | 6449
VID606 | 78,29626, 25,84531 | OK | 939
VID607 | 52.52000, 13.40500 | HIDDEN | 0
VID608 | 28,99567, -59,88391 | OK | 3027
VID609 | 52.52000, 13.40500 | HIDDEN | 0
VID610 | 48.13743, 11.57549 | HIDDEN | 0
VID611 | 76,18760, 169,39778 | OK | 5754
VID612 | -33,47694, 65,78440 | OK | 7758
VID613 | -72,64764, 50,49807 | OK | 7047
VID614 | -66,35882, 39,16034 | OK | 3484
VID615 | 76,53925, 100,33379 | OK | 3728
VID616 | 48.13743, 11.57549 | HIDDEN | 0
VID617 | -70,33775, -133,37473 | OK | 9117
VID618 | -73,43190, -135,73327 | OK | 2557
VID619 | -9,22958, 82,11347 | OK | 3861
VID620 | -74,28585, -149,92083 | OK | 8294
VID621 | -77,16983, 70,83073 | OK | 4368
VID622 | 48.13743, 11.57549 | HIDDEN | 0
VID623 | -64,78080, 73,06685 | OK | 6135
VID624 | 76,30089, -132,75442 | OK | 2352
VID625 | 50.11092, 8.68213 | HIDDEN | 0
VID626 | 52.52000, 13.40500 | HIDDEN | 0
VID627 | -71,84149, 139,86010 | OK | 673
VID628 | 86,60584, 129,91663 | OK | 6935
VID629 | 52,83002, -110,03463 | OK | 2731
VID630 | 1,02248, 170,25626 | OK | 3240
VID631 | 65,67700, 111,95991 | OK | 4550
VID632 | 52.52000, 13.40500 | HIDDEN | 0
VID633 | 48.13743, 11.57549 | HIDDEN | 0
VID634 | -14,91627, -20,16781 | OK | 9360
VID635 | -56,90006, -164,09038 | OK | 6179
VID636 | 74,57635, -82,30550 | OK | 5437
VID637 | 50.11092, 8.68213 | HIDDEN | 0
VID638 | 17,01719, -157,97739 | OK | 1432
VID639 | -12,15715, 118,54734 | OK | 8194
VID640 | 46,81421, 138,77972 | OK | 8974
VID641 | -30,11719, 107,81143 | OK | 6597
VID642 | 79,21677, 156,16014 | OK | 9153
VID643 | 52.52000, 13.40500 | HIDDEN | 0
VID644 | 59,35563, 31,74453 | OK | 6557
VID645 | -86,12927, 36,24510 | OK | 1725
VID646 | 43,25804, 7,48520 | OK | 2595
VID647 | 51,17247, -174,92749 | OK | 430
VID648 | 1,74321, 7,64009 | OK | 3691
VID649 | -67,65630, 47,80639 | OK | 1157
VID650 | -74,57800, 98,66663 | OK | 3882
VID651 | 5,20634, -149,60404 | OK | 4953
VID652 | 33,90039, 29,80035 | OK | 8123
VID653 | 48.13743, 11.57549 | HIDDEN | 0
VID654 | 68,23088, 178,21114 | OK | 1898
VID655 | -23,64913, -48,31041 | OK | 9934
VID656 | -18,29125, 163,01635 | OK | 4847
VID657 | 39,47469, 72,94337 | OK | 8692
VID658 | 20,83314, 125,84681 | OK | 1803
VID659 | 24,49830, 5,51223 | OK | 8306
VID660 | 58,25389, -121,63648 | OK | 8470
VID661 | -77,56046, -102,17755 | OK | 1853
VID662 | 48.13743, 11.57549 | HIDDEN | 0
VID663 | 31,47382, 130,87975 | OK | 320
VID664 | -18,83200, -136,78353 | OK | 9053
VID665 | -55,01287, 90,13467 | OK | 8609
VID666 | 67,94927, -92,51972 | OK | 8674
VID667 | -25,53461, 175,19645 | OK | 415
VID668 | 13,95878, 171,94175 | OK | 1108
VID669 | -48,12443, 135,04734 | OK | 8805
VID670 | 48.13743, 11.57549 | HIDDEN | 0
VID671 | -6,91009, -90,60897 | OK | 3870
VID672 | 48.13743, 11.57549 | HIDDEN | 0
VID673 | -33,95847, 93,65219 | OK | 1287
VID674 | -62,64267, 50,77088 | OK | 5300
VID675 | 50,19519, 98,11047 | OK | 7371
VID676 | -8,77430, 2,70351 | OK | 5453
VID677 | 50.11092, 8.68213 | HIDDEN | 0
VID678 | -82,10916, 176,51343 | OK | 7772
VID679 | 11,88728, -26,89205 | OK | 8661
VID680 | 48.13743, 11.57549 | HIDDEN | 0
VID681 | 68,53912, 30,19649 | OK | 2257
VID682 | -38,85081, 73,65930 | OK | 9532
VID683 | 12,65656, -81,19130 | OK | 1735
VID684 | -28,67743, -26,49801 | OK | 2886
VID685 | -71,36112, 145,88712 | OK | 7405
VID686 | 76,62707, -156,13864 | OK | 6367
VID687 | 71,24155, 57,76669 | OK | 1845
VID688 | 48.13743, 11.57549 | HIDDEN | 0
VID689 | -77,93049, -75,18777 | OK | 7875
VID690 | -30,57640, -105,97639 | OK | 6472
VID691 | -5,63900, -56,47141 | OK | 2000
VID692 | 26,81245, -171,61138 | OK | 4686
VID693 | -2,23888, 87,70209 | OK | 2392
VID694 | 48.13743, 11.57549 | HIDDEN | 0
VID695 | 74,12925, 3,57588 | OK | 9512
VID696 | -58,43073, -63,51898 | OK | 264
VID697 | 13,43406, -97,17287 | OK | 2214
VID698 | 38,55585, 40,28337 | OK | 7102
VID699 | -83,51961, -167,57918 | OK | 6627
VID700 | -15,02987, 179,79526 | OK | 7617
VID701 | -14,18565, 120,63598 | OK | 7532
VID702 | 48.13743, 11.57549 | HIDDEN | 0
VID703 | 46,90895, 111,10552 | OK | 183
VID704 | -34,11610, 163,40860 | OK | 6181
VID705 | -61,42296, -83,55671 | OK | 4499
VID706 | 56,43133, 80,17488 | OK | 4706
VID707 | -76,52390, -23,07971 | OK | 7760
VID708 | 52.52000, 13.40500 | HIDDEN | 0
VID709 | 5,05813, 31,48654 | OK | 6304
VID710 | 81,58571, -106,86698 | OK | 9367
VID711 | 46,86698, 115,38708 | OK | 5856
VID712 | 20,25138, 58,07207 | OK | 4869
VID713 | 52.52000, 13.40500 | HIDDEN | 0
VID714 | -50,91482, -73,63944 | OK | 9024
VID715 | -19,10735, -98,11200 | OK | 4146
VID716 | -70,74138, -34,94890 | OK | 1958
VID717 | -79,37217, -128,44229 | OK | 3451
VID718 | -52,24842, 133,03033 | OK | 689
VID719 | 52,20244, 15,00632 | OK | 4131
VID720 | -12,31050, -5,22935 | OK | 678
VID721 | 36,66186, -119,16877 | OK | 6614
VID722 | -25,53843, -159,60247 | OK | 3567
VID723 | -18,99894, 46,64314 | OK | 7476
VID724 | -72,88751, 157,59293 | OK | 3254
VID725 | 79,29331, -51,86231 | OK | 1091
VID726 | 48.13743, 11.57549 | HIDDEN | 0
VID727 | -42,92342, 40,98485 | OK | 1798
VID728 | -89,42734, 125,92041 | OK | 3508
VID729 | 73,42286, -113,50501 | OK | 8283
VID730 | -2,98788, -20,32036 | OK | 4316
VID731 | 43,07947, -168,62767 | OK | 1193
VID732 | 48.13743, 11.57549 | HIDDEN | 0
VID733 | 50.11092, 8.68213 | HIDDEN | 0
VID734 | 39,07927, 28,33253 | OK | 8117
VID735 | -79,66731, 27,44862 | OK | 9061
VID736 | 18,43874, 148,18855 | OK | 5656
VID737 | -58,92157, -171,74658 | OK | 230
VID738 | -25,88053, -96,39126 | OK | 2293
VID739 | 25,32395, -67,18400 | OK | 2134
VID740 | 79,26485, -22,51359 | OK | 8263
VID741 | 15,26863, 29,71888 | OK | 1663
VID742 | -33,84259, -137,67976 | OK | 5944
VID743 | 52.52000, 13.40500 | HIDDEN | 0
VID744 | 50.11092, 8.68213 | HIDDEN | 0
VID745 | 78,33449, -39,29335 | OK | 9020
VID746 | 33,44144, -60,40098 | OK | 8048
VID747 | 10,72791, -168,66581 | OK | 2419
VID748 | 52.52000, 13.40500 | HIDDEN | 0
VID749 | 30,72609, -76,43956 | OK | 5031
VID750 | 33,07906, -89,56499 | OK | 99
VID751 | -14,64407, -6,00138 | OK | 1275
VID752 | -53,98806, -72,81381 | OK | 5418
VID753 | 16,06091, 88,88338 | OK | 3860
VID754 | -56,25413, 135,85292 | OK | 4130
VID755 | -78,00811, 71,86417 | OK | 5188
VID756 | 50.11092, 8.68213 | HIDDEN | 0
VID757 | 48.13743, 11.57549 | HIDDEN | 0
VID758 | -62,34351, -39,56933 | OK | 7850
VID759 | 50.11092, 8.68213 | HIDDEN | 0
VID760 | 65,34006, 131,94932 | OK | 9889
VID761 | 86,85598, 29,74311 | OK | 6246
VID762 | 50.11092, 8.68213 | HIDDEN | 0
VID763 | -10,41095, 39,94059 | OK | 7255
VID764 | 81,12906, 113,05493 | OK | 2005
VID765 | -26,61894, 41,85213 | OK | 2396
VID766 | 75,77417, 172,50456 | OK | 1952
VID767 | 68,13565, 36,56070 | OK | 7347
VID768 | 64,92249, 29,25926 | OK | 7220
VID769 | 63,08244, 47,85146 | OK | 3702
VID770 | -46,64967, -6,39133 | OK | 8561
VID771 | -76,98635, -69,10913 | OK | 934
VID772 | 50.11092, 8.68213 | HIDDEN | 0
VID773 | 14,43282, -145,10672 | OK | 8569
VID774 | -60,12618, -148,48240 | OK | 2247
VID775 | -0,71471, -138,41218 | OK | 7983
VID776 | 50.11092, 8.68213 | HIDDEN | 0
VID777 | 78,14227, 72,07780 | OK | 1701
VID778 | -35,48893, 82,33552 | OK | 6371
VID779 | 50,56361, -127,71298 | OK | 5035
VID780 | -63,01842, -52,94718 | OK | 7970
VID781 | -71,14148, 42,39639 | OK | 7989
VID782 | 52.52000, 13.40500 | HIDDEN | 0
VID783 | -40,60070, 104,07658 | OK | 5140
VID784 | 52.52000, 13.40500 | HIDDEN | 0
VID785 | 52.52000, 13.40500 | HIDDEN | 0
VID786 | -73,89345, 118,73218 | OK | 7281
VID787 | -36,61901, -37,76111 | OK | 2631
VID788 | 31,10962, -63,06376 | OK | 5385
VID789 | -63,68662, 70,59455 | OK | 377
VID790 | 28,89156, -156,13589 | OK | 6064
VID791 | 87,84640, -149,03496 | OK | 5905
VID792 | 87,75953, -107,53466 | OK | 7775
VID793 | 35,97524, -15,21073 | OK | 3869
VID794 | -7,56025, -90,73835 | OK | 2018
VID795 | 38,77324, -165,19968 | OK | 4051
VID796 | -42,53644, -6,25155 | OK | 2533
VID797 | 52.52000, 13.40500 | HIDDEN | 0
VID798 | 33,12822, 130,36839 | OK | 580
VID799 | -41,45926, -77,12653 | OK | 1284
VID800 | 53,06555, 131,92053 | OK | 9850
VID801 | -67,24315, -85,39579 | OK | 1900
VID802 | -0,36430, -168,49274 | OK | 2226
VID803 | 50.11092, 8.68213 | HIDDEN | 0
VID804 | -75,49610, 11,23953 | OK | 8561
VID805 | 12,24504, 97,07068 | OK | 6495
VID806 | -5,06776, 117,62492 | OK | 4848
VID807 | 80,09976, -84,42914 | OK | 5097
VID808 | 20,39590, 108,17539 | OK | 5659
VID809 | -55,52322, -174,28973 | OK | 3646
VID810 | -56,23184, 91,17792 | OK | 5126
VID811 | -23,17697, 68,12932 | OK | 1675
VID812 | 83,50086, -117,82796 | OK | 110
VID813 | 50.11092, 8.68213 | HIDDEN | 0
VID814 | 52.52000, 13.40500 | HIDDEN | 0
VID815 | -47,73625, 42,16164 | OK | 6810
VID816 | 71,01482, 97,02621 | OK | 2478
VID817 | -25,84717, 7,24674 | OK | 8305
VID818 | 35,79546, -163,06982 | OK | 8508
VID819 | 48.13743, 11.57549 | HIDDEN | 0
VID820 | 52.52000, 13.40500 | HIDDEN | 0
VID821 | 85,42611, 119,44288 | OK | 8409
VID822 | 5,93309, -89,56905 | OK | 19
VID823 | -40,25661, 5,06755 | OK | 607
VID824 | 39,46440, 55,55325 | OK | 870
VID825 | 59,28229, -78,67877 | OK | 6689
VID826 | 87,01471, -152,86186 | OK | 2572
VID827 | 66,02469, -66,61557 | OK | 8735
VID828 | 38,56689, 23,55671 | OK | 7657
VID829 | 27,31721, 63,89728 | OK | 7087
VID830 | 52.52000, 13.40500 | HIDDEN | 0
VID831 | -32,13546, -140,74313 | OK | 2140
VID832 | 7,90734, -18,94475 | OK | 879
VID833 | 48.13743, 11.57549 | HIDDEN | 0
VID834 | -68,47019, 107,79592 | OK | 2399
VID835 | -41,83282, 41,43505 | OK | 7066
VID836 | 53,85620, 17,09284 | OK | 9678
VID837 | 49,73351, -160,08872 | OK | 3742
VID838 | 47,86422, 104,74194 | OK | 8082
VID839 | -37,55085, -41,80783 | OK | 16
VID840 | -45,15934, -9,30631 | OK | 5734
VID841 | -85,43882, -11,88831 | OK | 6136
VID842 | -15,15812, -46,80064 | OK | 5512
VID843 | -49,02963, 69,04382 | OK | 2536
VID844 | 65,59053, -107,88794 | OK | 3702
VID845 | -0,89476, -168,10725 | OK | 6128
VID846 | -15,89765, 120,20744 | OK | 2430
VID847 | 71,74649, 118,06030 | OK | 5578
VID848 | 3,22544, 31,44153 | OK | 2189
VID849 | 43,75207, 120,86506 | OK | 7302
VID850 | 38,21725, -66,09595 | OK | 6658
VID851 | -23,28307, -158,86949 | OK | 6185
VID852 | -43,60488, -78,00991 | OK | 1661
VID853 | 45,83961, -42,98129 | OK | 2467
VID854 | 23,62868, 20,57254 | OK | 7922
VID855 | -89,79536, -149,27369 | OK | 219
VID856 | -44,67030, 157,60507 | OK | 5852
VID857 | 42,30112, 51,27278 | OK | 6176
VID858 | 69,32316, -15,31109 | OK | 6157
VID859 | 3,59923, 39,12824 | OK | 1737
VID860 | 48.13743, 11.57549 | HIDDEN | 0
VID861 | -39,54654, 17,81678 | OK | 803
VID862 | 51,47550, -159,70480 | OK | 3560
VID863 | 48.13743, 11.57549 | HIDDEN | 0
VID864 | 48.13743, 11.57549 | HIDDEN | 0
VID865 | 33,05428, -175,45662 | OK | 446
VID866 | 29,24809, 24,11242 | OK | 2026
VID867 | 42,56770, 136,43450 | OK | 7074
VID868 | -56,44364, 106,82789 | OK | 2869
VID869 | 78,04200, -33,80245 | OK | 8908
VID870 | 59,56571, 138,54726 | OK | 6297
VID871 | -54,27957, -79,30943 | OK | 3340
VID872 | -41,05918, -87,19209 | OK | 3247
VID873 | 32,25888, 19,80558 | OK | 2882
VID874 | -65,83527, -170,13727 | OK | 1706
VID875 | -21,11113, 53,38448 | OK | 2248
VID876 | 73,15430, -75,38080 | OK | 3558
VID877 | 72,03029, -68,48105 | OK | 549
VID878 | -43,28936, 37,16391 | OK | 4840
VID879 | 33,69835, -77,82469 | OK | 571
VID880 | -21,75523, 49,60778 | OK | 7387
VID881 | 24,82395, -175,84788 | OK | 6639
VID882 | 15,79985, 148,06863 | OK | 9191
VID883 | -56,48342, -154,79166 | OK | 8905
VID884 | -86,84217, 153,35874 | OK | 2050
VID885 | 61,22811, 64,34810 | OK | 6726
VID886 | 2,13965, -56,44439 | OK | 278
VID887 | 80,65406, 169,21639 | OK | 4552
VID888 | 52.52000, 13.40500 | HIDDEN | 0
VID889 | 70,04751, -101,79200 | OK | 7467
VID890 | -63,80477, 99,24380 | OK | 2579
VID891 | -19,75097, 5,68434 | OK | 1179
VID892 | -64,33185, -69,49459 | OK | 4909
VID893 | 42,22200, -138,94006 | OK | 5614
VID894 | 71,50826, 103,79050 | OK | 9484
VID895 | 53,10732, -95,22282 | OK | 7437
VID896 | 19,98938, 155,02355 | OK | 8783
VID897 | 7,71973, -48,27082 | OK | 9613
VID898 | 48.13743, 11.57549 | HIDDEN | 0
VID899 | -23,35598, -40,94905 | OK | 8884
VID900 | 52,56337, -128,23037 | OK | 3510
VID901 | 83,23037, -60,95441 | OK | 8705
VID902 | -61,48977, -40,22932 | OK | 2787
VID903 | 52.52000, 13.40500 | HIDDEN | 0
VID904 | 52.52000, 13.40500 | HIDDEN | 0
VID905 | -8,38885, 51,29229 | OK | 9763
VID906 | -83,40730, -21,59158 | OK | 9004
VID907 | -58,40812, 20,30619 | OK | 7856
VID908 | -81,64413, -74,26315 | OK | 599
VID909 | 50.11092, 8.68213 | HIDDEN | 0
VID910 | 26,63476, 92,83795 | OK | 9808
VID911 | -67,17362, 90,94708 | OK | 5239
VID912 | -1,97658, 131,11449 | OK | 8379
VID913 | 52.52000, 13.40500 | HIDDEN | 0
VID914 | 3,84299, 137,02513 | OK | 1252
VID915 | -13,16233, 116,09019 | OK | 4274
VID916 | 19,08313, -75,05958 | OK | 8566
VID917 | 48.13743, 11.57549 | HIDDEN | 0
VID918 | 50.11092, 8.68213 | HIDDEN | 0
VID919 | 73,05204, 158,39404 | OK | 432
VID920 | 52.52000, 13.40500 | HIDDEN | 0
VID921 | 48.13743, 11.57549 | HIDDEN | 0
VID922 | 89,61413, 102,76417 | OK | 4342
VID923 | 23,13256, -142,64337 | OK | 4383
VID924 | 13,74254, 106,28176 | OK | 3154
VID925 | -54,18965, 65,75821 | OK | 7190
VID926 | 48.13743, 11.57549 | HIDDEN | 0
VID927 | 45,62783, -115,70336 | OK | 869
VID928 | 36,43588, 109,36357 | OK | 1225
VID929 | -39,66600, -52,95047 | OK | 7349
VID930 | 7,13781, -47,19295 | OK | 3593
VID931 | -64,19862, -45,54773 | OK | 7446
VID932 | 82,97377, 63,30610 | OK | 9265
VID933 | 52,10775, -85,61621 | OK | 1902
VID934 | -56,36061, 23,72449 | OK | 8513
VID935 | -22,29729, 50,92327 | OK | 5989
VID936 | -18,45666, 140,10582 | OK | 2629
VID937 | -85,00630, 17,41523 | OK | 7002
VID938 | 60,88981, 166,51531 | OK | 9700
VID939 | 11,79438, 65,71904 | OK | 4613
VID940 | -86,77259, -35,02321 | OK | 4810
VID941 | 50.11092, 8.68213 | HIDDEN | 0
VID942 | 55,95162, -134,68669 | OK | 8405
VID943 | 83,07463, -92,23927 | OK | 1842
VID944 | -13,66500, -162,69385 | OK | 9830
VID945 | -21,09102, 9,71122 | OK | 3367
VID946 | 50.11092, 8.68213 | HIDDEN | 0
VID947 | -39,92352, 35,91690 | OK | 4612
VID948 | 28,46553, 70,30896 | OK | 4150
VID949 | -61,01666, 57,61707 | OK | 1148
VID950 | 35,66725, -78,78837 | OK | 8610
VID951 | -72,29745, 70,26529 | OK | 9567
VID952 | -16,12583, -9,71986 | OK | 5411
VID953 | -1,97375, 153,85826 | OK | 3443
VID954 | 50.11092, 8.68213 | HIDDEN | 0
VID955 | 73,61081, -118,68247 | OK | 2537
VID956 | -40,25428, -80,84886 | OK | 9768
VID957 | 34,92194, -69,31793 | OK | 5691
VID958 | -76,22991, -86,17436 | OK | 5295
VID959 | -60,39011, 120,41182 | OK | 4765
VID960 | -40,76762, 93,70385 | OK | 2677
VID961 | 48.13743, 11.57549 | HIDDEN | 0
VID962 | 50.11092, 8.68213 | HIDDEN | 0
VID963 | -63,47932, -122,92578 | OK | 3480
VID964 | 52.52000, 13.40500 | HIDDEN | 0
VID965 | 12,01276, -158,73791 | OK | 6090
VID966 | -2,97244, 16,14955 | OK | 1194
VID967 | -9,23066, 8,56302 | OK | 8147
VID968 | -74,72245, -157,71972 | OK | 1119
VID969 | 48.13743, 11.57549 | HIDDEN | 0
VID970 | -57,15053, -65,46564 | OK | 1565
VID971 | 15,23985, -114,50958 | OK | 8815
VID972 | 28,79694, 78,79633 | OK | 9677
VID973 | 70,07931, -126,16624 | OK | 4091
VID974 | 81,74437, 20,25778 | OK | 6708
VID975 | -10,80700, 111,28542 | OK | 3241
VID976 | -29,87717, 131,20681 | OK | 6503
VID977 | 52.52000, 13.40500 | HIDDEN | 0
VID978 | -87,12299, 30,76087 | OK | 7166
VID979 | 54,40874, 173,78328 | OK | 253
VID980 | 22,09323, 131,40350 | OK | 9624
VID981 | 56,87017, -159,50550 | OK | 5054
VID982 | 52.52000, 13.40500 | HIDDEN | 0
VID983 | -7,91568, -178,85509 | OK | 2681
VID984 | -29,72726, 101,67960 | OK | 7172
VID985 | 42,92179, -156,53045 | OK | 3377
VID986 | 17,24341, 0,99344 | OK | 5417
VID987 | 50,63064, -96,12735 | OK | 5650
VID988 | 85,56531, -30,12224 | OK | 2049
VID989 | 50,85150, 158,49388 | OK | 6436
VID990 | 48.13743, 11.57549 | HIDDEN | 0
VID991 | -4,58648, 153,34568 | OK | 3101
VID992 | 50.11092, 8.68213 | HIDDEN | 0
VID993 | 44,63124, -100,04554 | OK | 2297
VID994 | 50.11092, 8.68213 | HIDDEN | 0
VID995 | 29,77790, -58,08560 | OK | 8477
VID996 | 50.11092, 8.68213 | HIDDEN | 0
VID997 | -6,55122, -15,78698 | OK | 1032
VID998 | 75,84772, 23,10555 | OK | 3645
VID999 | 64,59730, -103,49178 | OK | 5961
VID1000 | 5,67741, 166,14245 | OK | 9980