figure,latitude,longitude
figure1,-19.921915,-43.92681
figure1,-19.921944,-43.92684
figure1,-19.92188,-43.926842
figure1,-19.921846,-43.926849
figure1,-19.921802,-43.926854
figure1,-19.921345,-43.926754
figure1,-19.921267,-43.926756
figure1,-19.921246,-43.926778
figure1,-19.921217,-43.926794
figure1,-19.921179,-43.926835
figure1,-19.921191,-43.926999
figure1,-19.921411,-43.927437
figure1,-19.921348,-43.928264
figure1,-19.921295,-43.928622
figure1,-19.921368,-43.928957
figure1,-19.921546,-43.92941
figure1,-19.921834,-43.930188
figure1,-19.922075,-43.930781
figure1,-19.922416,-43.931175
figure1,-19.923144,-43.931374
figure1,-19.923384,-43.931445
figure1,-19.92383,-43.931547
figure1,-19.924622,-43.931726
figure1,-19.925135,-43.931859
figure1,-19.925915,-43.932124
figure1,-19.926733,-43.932336
figure1,-19.926952,-43.93241
figure1,-19.927206,-43.932437
figure1,-19.927324,-43.932246
figure1,-19.927383,-43.931982
figure1,-19.927525,-43.931345
figure1,-19.927729,-43.930547
figure1,-19.927888,-43.930039
figure1,-19.927933,-43.93004
figure1,-19.92798,-43.930057
figure1,-19.928845,-43.930265
figure1,-19.929033,-43.930255
figure1,-19.929153,-43.929759
figure1,-19.929324,-43.929132
figure1,-19.929368,-43.929136
figure1,-19.930214,-43.929375
figure1,-19.930464,-43.929457
figure1,-19.930342,-43.930113
figure1,-19.930068,-43.931165
figure1,-19.929923,-43.931723
figure1,-19.929891,-43.931861
figure1,-19.929847,-43.931861
figure1,-19.929407,-43.931756
figure1,-19.928704,-43.93158
figure1,-19.927739,-43.93132
figure1,-19.927562,-43.931227
figure1,-19.92756,-43.931147
figure1,-19.927673,-43.930743
figure1,-19.927839,-43.930032
figure1,-19.928047,-43.929194
figure1,-19.928194,-43.928613
figure1,-19.928205,-43.928547
figure1,-19.928276,-43.928354
figure1,-19.928469,-43.927593
figure1,-19.928506,-43.927519
figure1,-19.92855,-43.927512
figure1,-19.9286,-43.927523
figure1,-19.9288,-43.927556
figure1,-19.928831,-43.927558
figure1,-19.928874,-43.927564
figure1,-19.930038,-43.927839
figure1,-19.930781,-43.928061
figure1,-19.93078,-43.928042
figure1,-19.930745,-43.928041
figure1,-19.930697,-43.928032
figure1,-19.930196,-43.927887
figure1,-19.929699,-43.927751
figure1,-19.928684,-43.927469
figure1,-19.928507,-43.927425
figure1,-19.928514,-43.927373
figure1,-19.928526,-43.927311
figure1,-19.928767,-43.926238
figure1,-19.928814,-43.926143
figure1,-19.928857,-43.926146
figure1,-19.928914,-43.926158
figure1,-19.929821,-43.926405
figure1,-19.930806,-43.926669
figure1,-19.931123,-43.926744
figure1,-19.931092,-43.926741
figure1,-19.931052,-43.926737
figure1,-19.930417,-43.926572
figure1,-19.929341,-43.926271
figure1,-19.928912,-43.926131
figure1,-19.928878,-43.926126
figure1,-19.928852,-43.926123
figure1,-19.928831,-43.926111
figure1,-19.92883,-43.926067
figure1,-19.928874,-43.925919
figure1,-19.928945,-43.925532
figure1,-19.929105,-43.924913
figure1,-19.929152,-43.924866
figure1,-19.929187,-43.924875
figure1,-19.929219,-43.924889
figure1,-19.929248,-43.924902
figure1,-19.929288,-43.924913
figure1,-19.929416,-43.924938
figure1,-19.929474,-43.924952
figure1,-19.929805,-43.92505
figure1,-19.930498,-43.925246
figure1,-19.931184,-43.925447
figure1,-19.9314,-43.925463
figure1,-19.931199,-43.925429
figure1,-19.930623,-43.925263
figure1,-19.929983,-43.925068
figure1,-19.929514,-43.924944
figure1,-19.929267,-43.92487
figure1,-19.92914,-43.924799
figure1,-19.929302,-43.92414
figure1,-19.929481,-43.923411
figure1,-19.9297,-43.922402
figure1,-19.92967,-43.922208
figure1,-19.929268,-43.922046
figure1,-19.929232,-43.922049
figure1,-19.929188,-43.922049
figure1,-19.928411,-43.921848
figure1,-19.927234,-43.921478
figure1,-19.926344,-43.92126
figure1,-19.926046,-43.921196
figure1,-19.925943,-43.921585
figure1,-19.925691,-43.922613
figure1,-19.925625,-43.922875
figure1,-19.925602,-43.922957
figure1,-19.92558,-43.923044
figure1,-19.925461,-43.923526
figure1,-19.925449,-43.92374
figure1,-19.925485,-43.923753
figure1,-19.925826,-43.923854
figure1,-19.925879,-43.923896
figure1,-19.925509,-43.92379
figure1,-19.92536,-43.923745
figure1,-19.925329,-43.923741
figure1,-19.925298,-43.923723
figure1,-19.925254,-43.923709
figure1,-19.924612,-43.923546
figure1,-19.923665,-43.923257
figure1,-19.923596,-43.923239
figure1,-19.923912,-43.923353
figure1,-19.924232,-43.923058
figure1,-19.924444,-43.922276
figure1,-19.924654,-43.92132
figure1,-19.92465,-43.921358
figure1,-19.924553,-43.921731
figure1,-19.924556,-43.921724
figure1,-19.924494,-43.921891
figure1,-19.924447,-43.922076
figure1,-19.924249,-43.922934
figure1,-19.924021,-43.92381
figure1,-19.923809,-43.924691
figure1,-19.923746,-43.924746
figure1,-19.923719,-43.924739
figure1,-19.923533,-43.924689
figure1,-19.923074,-43.924552
figure1,-19.922993,-43.924541
figure1,-19.923019,-43.924545
figure1,-19.923307,-43.924607
figure1,-19.923383,-43.924625
figure1,-19.923416,-43.924642
figure1,-19.923446,-43.924665
figure1,-19.923768,-43.924766
figure1,-19.9239,-43.924356
figure1,-19.924116,-43.923467
figure1,-19.924128,-43.923412
figure1,-19.924154,-43.923383
figure1,-19.924192,-43.923395
figure1,-19.92466,-43.923556
figure1,-19.925209,-43.923702
figure1,-19.925369,-43.923813
figure1,-19.925365,-43.923856
figure1,-19.9253,-43.924116
figure1,-19.92528,-43.92415
figure1,-19.92506,-43.92492
figure1,-19.925036,-43.924922
figure1,-19.924586,-43.92484
figure1,-19.924311,-43.924753
figure1,-19.924607,-43.924859
figure1,-19.925086,-43.924986
figure1,-19.9251,-43.924951
figure1,-19.925312,-43.92422
figure1,-19.925376,-43.923785
figure1,-19.925419,-43.923726
figure1,-19.925621,-43.92289
figure1,-19.925805,-43.92211
figure1,-19.926009,-43.921385
figure1,-19.926028,-43.921163
figure1,-19.925991,-43.921153
figure1,-19.925219,-43.920919
figure1,-19.924249,-43.920647
figure1,-19.923649,-43.920473
figure1,-19.923568,-43.920476
figure1,-19.923418,-43.921019
figure1,-19.92335,-43.921256
figure1,-19.923102,-43.922326
figure1,-19.922829,-43.923427
figure1,-19.92254,-43.924624
figure1,-19.922399,-43.925189
figure1,-19.922215,-43.926006
figure1,-19.922023,-43.926808
figure1,-19.922006,-43.92689
figure1,-19.921992,-43.926831
figure1,-19.921977,-43.926836
figure1,-19.921948,-43.926905
figure1,-19.921924,-43.926894
figure1,-19.921966,-43.926851
figure1,-19.922258,-43.926937
figure1,-19.922839,-43.927077
figure1,-19.92331,-43.927238
figure1,-19.923945,-43.927374
figure1,-19.924276,-43.927537
figure1,-19.924545,-43.927565
figure1,-19.925213,-43.927789
figure1,-19.925939,-43.928003
figure1,-19.926698,-43.928178
figure1,-19.927327,-43.928388
figure1,-19.927806,-43.928481
figure1,-19.92806,-43.928521
figure1,-19.928172,-43.928541
figure1,-19.928262,-43.928574
figure1,-19.928186,-43.928509
figure1,-19.927703,-43.92777
figure1,-19.927068,-43.92661
figure1,-19.926767,-43.92608
figure1,-19.926686,-43.925937
figure1,-19.926632,-43.925855
figure1,-19.926469,-43.925416
figure1,-19.926504,-43.925395
figure1,-19.926553,-43.925371
figure1,-19.927263,-43.924898
figure1,-19.928032,-43.924426
figure1,-19.928037,-43.924404
figure1,-19.927866,-43.924512
figure1,-19.927834,-43.92447
figure1,-19.927842,-43.92443
figure1,-19.92791,-43.924219
figure1,-19.927922,-43.924175
figure1,-19.928165,-43.923224
figure1,-19.928154,-43.92315
figure1,-19.927134,-43.922864
figure1,-19.926907,-43.922812
figure1,-19.926895,-43.922857
figure1,-19.926759,-43.92343
figure1,-19.926612,-43.924021
figure1,-19.926619,-43.923933
figure1,-19.926549,-43.92414
figure1,-19.926638,-43.923883
figure1,-19.926877,-43.923012
figure1,-19.92696,-43.922807
figure1,-19.926966,-43.922788
figure1,-19.926957,-43.922773
figure1,-19.92692,-43.922783
figure1,-19.926998,-43.92277
figure1,-19.927568,-43.922996
figure1,-19.928019,-43.923154
figure1,-19.928105,-43.923193
figure1,-19.927906,-43.924039
figure1,-19.927903,-43.924189
figure1,-19.927899,-43.924217
figure1,-19.927895,-43.924244
figure1,-19.927852,-43.924452
figure1,-19.927887,-43.924459
figure1,-19.927921,-43.924441
figure1,-19.927963,-43.924415
figure1,-19.928633,-43.924053
figure1,-19.929061,-43.923821
figure1,-19.9293,-43.923659
figure1,-19.929615,-43.923481
figure1,-19.929759,-43.923582
figure1,-19.930031,-43.923687
figure1,-19.930306,-43.923808
figure1,-19.930591,-43.923769
figure1,-19.930685,-43.923844
figure1,-19.93088,-43.923955
figure1,-19.93119,-43.924036
figure1,-19.931539,-43.924082
figure1,-19.931558,-43.924078
figure1,-19.931767,-43.924101
figure1,-19.931775,-43.924046
figure1,-19.931749,-43.924022
figure1,-19.93171,-43.923993
figure1,-19.931254,-43.923578
figure1,-19.930961,-43.9233
figure1,-19.930418,-43.922813
figure1,-19.930085,-43.922513
figure1,-19.929715,-43.922226
figure1,-19.929671,-43.922311
figure1,-19.929656,-43.922348
figure1,-19.92965,-43.922655
figure1,-19.929522,-43.923344
figure1,-19.929493,-43.923458
figure1,-19.929524,-43.923471
figure1,-19.929623,-43.923469
figure1,-19.929642,-43.923487
figure1,-19.929666,-43.923505
figure1,-19.929692,-43.923526
figure1,-19.929813,-43.923587
figure1,-19.92984,-43.923599
figure1,-19.929859,-43.923603
figure1,-19.93013,-43.923703
figure1,-19.930388,-43.923806
figure1,-19.930622,-43.923796
figure1,-19.930661,-43.923843
figure1,-19.931269,-43.924019
figure1,-19.931585,-43.924097
figure1,-19.931606,-43.924108
figure1,-19.931763,-43.924168
figure1,-19.932757,-43.92446
figure1,-19.932948,-43.924508
figure1,-19.933124,-43.924542
figure1,-19.933755,-43.924718
figure1,-19.934134,-43.924813
figure1,-19.934107,-43.92479
figure1,-19.934056,-43.924772
figure1,-19.933519,-43.924616
figure1,-19.933151,-43.924516
figure1,-19.932933,-43.924578
figure1,-19.932842,-43.925099
figure1,-19.932716,-43.925739
figure1,-19.932722,-43.92578
figure1,-19.932717,-43.925837
figure1,-19.932638,-43.926048
figure1,-19.932618,-43.926096
figure1,-19.932602,-43.92615
figure1,-19.932321,-43.927238
figure1,-19.932084,-43.92824
figure1,-19.932058,-43.928384
figure1,-19.931927,-43.928855
figure1,-19.931824,-43.929405
figure1,-19.931832,-43.92951
figure1,-19.931766,-43.929684
figure1,-19.931035,-43.929488
figure1,-19.930596,-43.929364
figure1,-19.93056,-43.929354
figure1,-19.929685,-43.929133
figure1,-19.929035,-43.928962
figure1,-19.928665,-43.928836
figure1,-19.928584,-43.928813
figure1,-19.928505,-43.9288
figure1,-19.928438,-43.928783
figure1,-19.928203,-43.92857
figure1,-19.928225,-43.92857
figure1,-19.928252,-43.92862
figure1,-19.928363,-43.928764
figure1,-19.928944,-43.92898
figure1,-19.929604,-43.929178
figure1,-19.930721,-43.929476
figure1,-19.931489,-43.929673
figure1,-19.932661,-43.929973
figure1,-19.933516,-43.930228
figure1,-19.933816,-43.930312
figure1,-19.934087,-43.930383
figure1,-19.934104,-43.930456
figure1,-19.934021,-43.930571
figure1,-19.933966,-43.930611
figure1,-19.933827,-43.930795
figure1,-19.933818,-43.930842
figure1,-19.93381,-43.930884
figure1,-19.933755,-43.931168
figure1,-19.933721,-43.931455
figure1,-19.93352,-43.932319
figure1,-19.933427,-43.933081
figure1,-19.933245,-43.933658
figure1,-19.933232,-43.933746
figure1,-19.933203,-43.934085
figure1,-19.933178,-43.934119
figure1,-19.933169,-43.934164
figure1,-19.933192,-43.934284
figure1,-19.933229,-43.934092
figure1,-19.933391,-43.93343
figure1,-19.933639,-43.932677
figure1,-19.933721,-43.932323
figure1,-19.933793,-43.932038
figure1,-19.934025,-43.931393
figure1,-19.934112,-43.931057
figure1,-19.934145,-43.931007
figure1,-19.934232,-43.930829
figure1,-19.934252,-43.930791
figure1,-19.934264,-43.93076
figure1,-19.934305,-43.93069
figure1,-19.934302,-43.930648
figure1,-19.934299,-43.930612
figure1,-19.934182,-43.930444
figure1,-19.934099,-43.930408
figure1,-19.934049,-43.930386
figure1,-19.933232,-43.930073
figure1,-19.932963,-43.930032
figure1,-19.932985,-43.930009
figure1,-19.933106,-43.929673
figure1,-19.933259,-43.929088
figure1,-19.933423,-43.928427
figure1,-19.933625,-43.927677
figure1,-19.93362,-43.927494
figure1,-19.933624,-43.92746
figure1,-19.933639,-43.927396
figure1,-19.933927,-43.926508
figure1,-19.934199,-43.925414
figure1,-19.934325,-43.924882
figure1,-19.934363,-43.924879
figure1,-19.934779,-43.924972
figure1,-19.93547,-43.925169
figure1,-19.936116,-43.925345
figure1,-19.936423,-43.925384
figure1,-19.936591,-43.925492
figure1,-19.937049,-43.92561
figure1,-19.937543,-43.925715
figure1,-19.938125,-43.925884
figure1,-19.938573,-43.926015
figure1,-19.938598,-43.926042
figure1,-19.938793,-43.926251
figure1,-19.938868,-43.926351
figure1,-19.939152,-43.927085
figure1,-19.939208,-43.927529
figure1,-19.939274,-43.928073
figure1,-19.939329,-43.92856
figure1,-19.939366,-43.929031
figure1,-19.93938,-43.929236
figure1,-19.939407,-43.929474
figure1,-19.939447,-43.929889
figure1,-19.939487,-43.930388
figure1,-19.939627,-43.931831
figure1,-19.93969,-43.932931
figure1,-19.939819,-43.933795
figure1,-19.93968,-43.934439
figure1,-19.939627,-43.934508
figure1,-19.939562,-43.934558
figure1,-19.938711,-43.935096
figure1,-19.938108,-43.935491
figure1,-19.937446,-43.935906
figure1,-19.937172,-43.936068
figure1,-19.936911,-43.936231
figure1,-19.936647,-43.936403
figure1,-19.935971,-43.936842
figure1,-19.9357,-43.937054
figure1,-19.93526,-43.937317
figure1,-19.934836,-43.937474
figure1,-19.934263,-43.937837
figure1,-19.933541,-43.937872
figure1,-19.933402,-43.937861
figure1,-19.933376,-43.937855
figure1,-19.933332,-43.937867
figure1,-19.933266,-43.937954
figure1,-19.933228,-43.938006
figure1,-19.933218,-43.93806
figure1,-19.933122,-43.938749
figure1,-19.933139,-43.938796
figure1,-19.933112,-43.9389
figure1,-19.933135,-43.938926
figure1,-19.933165,-43.93896
figure1,-19.933196,-43.939005
figure1,-19.933252,-43.93946
figure1,-19.933097,-43.940158
figure1,-19.933005,-43.94056
figure1,-19.932969,-43.9408
figure1,-19.932902,-43.941062
figure1,-19.932726,-43.941669
figure1,-19.932641,-43.941912
figure1,-19.932586,-43.942094
figure1,-19.932499,-43.942527
figure1,-19.932449,-43.942776
figure1,-19.932305,-43.943578
figure1,-19.932267,-43.943586
figure1,-19.932219,-43.943571
figure1,-19.931369,-43.943346
figure1,-19.931068,-43.943284
figure1,-19.930788,-43.943207
figure1,-19.930362,-43.943098
figure1,-19.92989,-43.942954
figure1,-19.929873,-43.942993
figure1,-19.929696,-43.943528
figure1,-19.929522,-43.944104
figure1,-19.92925,-43.94414
figure1,-19.928615,-43.943941
figure1,-19.9283,-43.943861
figure1,-19.928269,-43.943896
figure1,-19.928175,-43.944212
figure1,-19.928031,-43.944784
figure1,-19.928002,-43.944895
figure1,-19.927998,-43.944927
figure1,-19.927993,-43.944961
figure1,-19.927967,-43.945206
figure1,-19.927984,-43.945222
figure1,-19.928004,-43.945257
figure1,-19.928189,-43.945296
figure1,-19.928822,-43.945485
figure1,-19.92959,-43.945695
figure1,-19.929685,-43.945739
figure1,-19.93015,-43.945852
figure1,-19.930239,-43.945827
figure1,-19.930288,-43.945844
figure1,-19.930433,-43.945894
figure1,-19.930743,-43.945995
figure1,-19.931681,-43.946254
figure1,-19.931955,-43.946314
figure1,-19.932139,-43.946356
figure1,-19.932247,-43.946386
figure1,-19.932323,-43.946405
figure1,-19.932633,-43.946491
figure1,-19.932721,-43.946521
figure1,-19.932793,-43.946504
figure1,-19.932814,-43.946448
figure1,-19.932914,-43.946002
figure1,-19.93315,-43.945216
figure1,-19.933197,-43.945052
figure1,-19.933233,-43.944942
figure1,-19.933309,-43.94477
figure1,-19.93332,-43.944725
figure1,-19.933337,-43.944685
figure1,-19.933443,-43.944445
figure1,-19.933428,-43.94439
figure1,-19.933306,-43.944109
figure1,-19.93331,-43.944066
figure1,-19.93336,-43.943988
figure1,-19.933416,-43.943988
figure1,-19.93371,-43.944083
figure1,-19.933898,-43.94411
figure1,-19.933956,-43.944118
figure1,-19.934011,-43.944111
figure1,-19.93407,-43.944115
figure1,-19.934128,-43.944128
figure1,-19.934162,-43.944157
figure1,-19.934221,-43.944208
figure1,-19.934272,-43.944211
figure1,-19.934572,-43.944299
figure1,-19.93458,-43.944337
figure1,-19.934587,-43.944389
figure1,-19.93455,-43.944815
figure1,-19.934563,-43.944917
figure1,-19.934566,-43.94502
figure1,-19.934484,-43.945366
figure1,-19.934271,-43.946141
figure1,-19.934099,-43.946758
figure1,-19.934056,-43.94683
figure1,-19.933613,-43.946717
figure1,-19.932885,-43.946491
figure1,-19.932883,-43.946475
figure1,-19.932889,-43.946437
figure1,-19.932958,-43.94605
figure1,-19.932964,-43.945962
figure1,-19.933073,-43.945782
figure1,-19.933017,-43.945828
figure1,-19.933007,-43.94591
figure1,-19.932941,-43.946164
figure1,-19.932907,-43.946281
figure1,-19.932898,-43.946329
figure1,-19.932902,-43.946374
figure1,-19.932903,-43.946522
figure1,-19.93265,-43.94651
figure1,-19.932078,-43.946312
figure1,-19.931736,-43.946204
figure1,-19.931431,-43.946134
figure1,-19.93062,-43.945874
figure1,-19.930118,-43.945761
figure1,-19.929327,-43.94551
figure1,-19.929042,-43.945486
figure1,-19.928554,-43.945353
figure1,-19.92846,-43.945326
figure1,-19.92797,-43.945183
figure1,-19.927922,-43.945231
figure1,-19.927783,-43.945831
figure1,-19.927635,-43.946494
figure1,-19.927517,-43.94705
figure1,-19.927293,-43.947891
figure1,-19.927246,-43.948136
figure1,-19.927225,-43.948243
figure1,-19.927064,-43.948879
figure1,-19.927077,-43.949121
figure1,-19.927077,-43.949108
figure1,-19.927025,-43.949104
figure1,-19.927006,-43.949126
figure1,-19.926979,-43.949147
figure1,-19.926956,-43.949182
figure1,-19.926908,-43.949511
figure1,-19.926734,-43.950282
figure1,-19.926769,-43.950361
figure1,-19.926806,-43.950375
figure1,-19.927239,-43.950475
figure1,-19.927777,-43.950582
figure1,-19.928533,-43.950932
figure1,-19.929154,-43.95104
figure1,-19.929244,-43.950697
figure1,-19.929365,-43.950035
figure1,-19.92937,-43.950002
figure1,-19.929432,-43.949801
figure1,-19.929432,-43.949768
figure1,-19.929546,-43.949503
figure1,-19.929585,-43.949315
figure1,-19.929711,-43.948831
figure1,-19.9297,-43.948718
figure1,-19.929707,-43.948689
figure1,-19.929911,-43.948054
figure1,-19.929917,-43.947956
figure1,-19.929904,-43.947998
figure1,-19.929889,-43.948041
figure1,-19.929763,-43.948527
figure1,-19.929756,-43.948614
figure1,-19.929745,-43.948674
figure1,-19.929739,-43.948732
figure1,-19.929717,-43.948777
figure1,-19.929624,-43.949087
figure1,-19.929596,-43.94913
figure1,-19.929564,-43.94918
figure1,-19.929546,-43.949258
figure1,-19.929533,-43.949329
figure1,-19.929435,-43.949701
figure1,-19.929409,-43.949785
figure1,-19.929311,-43.95016
figure1,-19.929128,-43.950808
figure1,-19.929117,-43.95099
figure1,-19.929158,-43.950999
figure1,-19.929356,-43.951059
figure1,-19.92988,-43.951217
figure1,-19.93038,-43.951371
figure1,-19.930935,-43.951532
figure1,-19.931412,-43.951645
figure1,-19.931552,-43.951635
figure1,-19.931569,-43.951668
figure1,-19.931565,-43.9517
figure1,-19.931575,-43.951694
figure1,-19.931564,-43.951679
figure1,-19.931541,-43.951687
figure1,-19.931507,-43.951679
figure1,-19.931464,-43.95167
figure1,-19.930992,-43.951522
figure1,-19.931028,-43.951534
figure1,-19.931057,-43.951543
figure1,-19.931087,-43.951559
figure1,-19.931112,-43.951566
figure1,-19.931138,-43.951565
figure1,-19.931174,-43.951571
figure1,-19.931521,-43.951636
figure1,-19.931542,-43.951672
figure1,-19.931417,-43.952224
figure1,-19.931255,-43.952929
figure1,-19.930998,-43.954019
figure1,-19.930859,-43.954568
figure1,-19.930578,-43.955715
figure1,-19.930434,-43.956299
figure1,-19.930282,-43.956742
figure1,-19.930207,-43.956791
figure1,-19.930123,-43.956815
figure1,-19.930036,-43.956849
figure1,-19.929568,-43.957033
figure1,-19.929551,-43.956998
figure1,-19.928677,-43.957351
figure1,-19.927644,-43.957755
figure1,-19.926974,-43.958005
figure1,-19.926667,-43.958114
figure1,-19.926442,-43.95819
figure1,-19.926066,-43.958291
figure1,-19.925944,-43.958302
figure1,-19.925844,-43.958283
figure1,-19.925739,-43.958255
figure1,-19.925225,-43.958129
figure1,-19.923963,-43.957791
figure1,-19.923626,-43.957671
figure1,-19.923627,-43.957628
figure1,-19.923637,-43.957593
figure1,-19.92365,-43.957554
figure1,-19.92376,-43.9571
figure1,-19.923896,-43.956568
figure1,-19.923914,-43.956544
figure1,-19.923895,-43.956593
figure1,-19.923781,-43.95698
figure1,-19.923676,-43.957407
figure1,-19.923648,-43.957732
figure1,-19.922599,-43.957433
figure1,-19.921917,-43.957237
figure1,-19.92183,-43.9572
figure1,-19.921749,-43.957187
figure1,-19.921205,-43.957029
figure1,-19.921255,-43.956737
figure1,-19.921421,-43.956064
figure1,-19.921481,-43.955767
figure1,-19.921482,-43.955814
figure1,-19.921476,-43.955856
figure1,-19.921466,-43.955901
figure1,-19.921454,-43.955948
figure1,-19.921356,-43.956297
figure1,-19.921134,-43.957219
figure1,-19.921132,-43.957875
figure1,-19.920988,-43.958482
figure1,-19.921027,-43.958506
figure1,-19.921079,-43.95853
figure1,-19.921606,-43.958753
figure1,-19.922079,-43.958896
figure1,-19.922102,-43.958906
figure1,-19.922135,-43.958927
figure1,-19.92217,-43.958915
figure1,-19.922205,-43.958892
figure1,-19.922252,-43.958894
figure1,-19.922303,-43.958913
figure1,-19.922857,-43.959121
figure1,-19.923604,-43.959238
figure1,-19.92501,-43.959402
figure1,-19.925981,-43.959476
figure1,-19.926081,-43.959183
figure1,-19.926139,-43.958925
figure1,-19.926174,-43.958738
figure1,-19.926191,-43.958694
figure1,-19.926209,-43.95865
figure1,-19.926217,-43.958614
figure1,-19.926227,-43.958577
figure1,-19.926269,-43.958305
figure1,-19.926252,-43.958293
figure1,-19.926248,-43.958313
figure1,-19.92623,-43.958414
figure1,-19.926157,-43.958833
figure1,-19.926045,-43.959257
figure1,-19.925963,-43.959431
figure1,-19.925916,-43.959449
figure1,-19.925857,-43.959454
figure1,-19.925789,-43.959451
figure1,-19.924445,-43.959304
figure1,-19.924082,-43.959247
figure1,-19.923416,-43.959158
figure1,-19.923405,-43.959134
figure1,-19.923426,-43.9591
figure1,-19.923509,-43.958873
figure1,-19.923603,-43.958488
figure1,-19.923672,-43.958267
figure1,-19.923712,-43.958171
figure1,-19.923752,-43.957834
figure1,-19.923724,-43.957813
figure1,-19.923705,-43.957761
figure1,-19.923714,-43.957744
figure1,-19.923721,-43.957795
figure1,-19.923726,-43.957847
figure1,-19.923738,-43.95788
figure1,-19.92364,-43.958247
figure1,-19.923614,-43.958445
figure1,-19.923559,-43.958715
figure1,-19.923412,-43.959238
figure1,-19.923356,-43.959499
figure1,-19.923297,-43.959767
figure1,-19.923312,-43.959841
figure1,-19.923649,-43.959992
figure1,-19.92431,-43.960202
figure1,-19.925068,-43.960429
figure1,-19.925991,-43.960709
figure1,-19.926491,-43.960836
figure1,-19.926516,-43.960806
figure1,-19.926528,-43.96076
figure1,-19.926628,-43.960378
figure1,-19.926728,-43.959971
figure1,-19.926935,-43.959226
figure1,-19.92698,-43.959112
figure1,-19.92777,-43.958869
figure1,-19.928427,-43.9587
figure1,-19.928606,-43.958637
figure1,-19.928657,-43.95846
figure1,-19.928682,-43.958301
figure1,-19.928698,-43.958272
figure1,-19.928709,-43.958232
figure1,-19.928719,-43.958197
figure1,-19.928778,-43.957929
figure1,-19.928843,-43.957452
figure1,-19.928767,-43.957352
figure1,-19.92872,-43.957357
figure1,-19.92866,-43.95738
figure1,-19.928501,-43.957433
figure1,-19.927922,-43.957657
figure1,-19.927232,-43.957903
figure1,-19.926622,-43.958072
figure1,-19.926027,-43.958278
figure1,-19.925884,-43.958281
figure1,-19.925757,-43.958252
figure1,-19.924939,-43.958039
figure1,-19.924772,-43.958001
figure1,-19.924572,-43.957959
figure1,-19.924202,-43.957848
figure1,-19.92362,-43.957702
figure1,-19.922381,-43.957386
figure1,-19.922167,-43.957279
figure1,-19.922147,-43.957321
figure1,-19.922116,-43.957352
figure1,-19.922144,-43.957352
figure1,-19.922152,-43.957297
figure1,-19.922163,-43.957342
figure1,-19.922135,-43.957317
figure1,-19.921989,-43.957288
figure1,-19.921931,-43.95727
figure1,-19.921885,-43.957269
figure1,-19.921832,-43.957257
figure1,-19.921315,-43.957143
figure1,-19.920166,-43.956805
figure1,-19.919666,-43.956653
figure1,-19.919528,-43.956616
figure1,-19.919096,-43.956496
figure1,-19.918806,-43.956402
figure1,-19.918447,-43.955643
figure1,-19.917893,-43.95437
figure1,-19.917659,-43.952703
figure1,-19.917828,-43.950621
figure1,-19.917969,-43.948736
figure1,-19.918036,-43.948247
figure1,-19.9181,-43.947992
figure1,-19.918128,-43.947956
figure1,-19.918157,-43.947905
figure1,-19.91833,-43.947176
figure1,-19.918679,-43.945666
figure1,-19.918934,-43.944621
figure1,-19.919018,-43.94425
figure1,-19.919034,-43.944217
figure1,-19.919173,-43.943682
figure1,-19.919414,-43.942863
figure1,-19.919452,-43.942533
figure1,-19.919431,-43.942556
figure1,-19.919385,-43.942589
figure1,-19.91932,-43.942527
figure1,-19.919227,-43.942436
figure1,-19.919097,-43.9425
figure1,-19.91902,-43.942463
figure1,-19.918537,-43.942222
figure1,-19.918383,-43.942067
figure1,-19.918509,-43.941341
figure1,-19.91853,-43.94114
figure1,-19.918693,-43.940468
figure1,-19.918817,-43.940004
figure1,-19.919045,-43.940026
figure1,-19.919711,-43.940201
figure1,-19.919921,-43.940305
figure1,-19.919858,-43.941069
figure1,-19.919838,-43.94119
figure1,-19.919818,-43.941239
figure1,-19.919809,-43.941334
figure1,-19.919586,-43.942136
figure1,-19.919548,-43.9424
figure1,-19.919627,-43.942453
figure1,-19.919911,-43.942576
figure1,-19.92005,-43.942624
figure1,-19.920858,-43.943015
figure1,-19.921421,-43.943389
figure1,-19.921472,-43.943423
figure1,-19.921682,-43.943471
figure1,-19.921711,-43.943473
figure1,-19.921739,-43.943491
figure1,-19.921779,-43.943507
figure1,-19.921825,-43.943514
figure1,-19.92225,-43.943628
figure1,-19.922682,-43.943839
figure1,-19.923334,-43.943907
figure1,-19.92387,-43.944058
figure1,-19.923984,-43.94408
figure1,-19.924034,-43.944088
figure1,-19.924075,-43.944098
figure1,-19.924263,-43.944095
figure1,-19.924274,-43.944107
figure1,-19.924286,-43.944134
figure1,-19.924183,-43.944586
figure1,-19.923995,-43.945403
figure1,-19.923906,-43.945952
figure1,-19.92375,-43.94641
figure1,-19.92369,-43.94664
figure1,-19.923677,-43.946777
figure1,-19.923522,-43.947526
figure1,-19.923495,-43.947599
figure1,-19.923501,-43.947649
figure1,-19.923385,-43.948033
figure1,-19.923228,-43.94883
figure1,-19.923225,-43.948899
figure1,-19.923087,-43.949234
figure1,-19.923095,-43.949218
figure1,-19.923095,-43.949209
figure1,-19.923141,-43.949049
figure1,-19.92316,-43.948987
figure1,-19.923181,-43.948923
figure1,-19.923193,-43.948798
figure1,-19.923333,-43.948171
figure1,-19.923433,-43.947751
figure1,-19.923424,-43.947706
figure1,-19.923428,-43.947669
figure1,-19.923529,-43.947202
figure1,-19.923617,-43.9469
figure1,-19.923713,-43.946708
figure1,-19.923899,-43.945965
figure1,-19.924056,-43.945278
figure1,-19.924164,-43.944847
figure1,-19.924326,-43.944157
figure1,-19.924355,-43.944005
figure1,-19.9245,-43.943444
figure1,-19.924589,-43.942931
figure1,-19.924568,-43.94292
figure1,-19.924529,-43.942905
figure1,-19.924482,-43.94289
figure1,-19.924431,-43.942871
figure1,-19.923627,-43.94259
figure1,-19.923503,-43.942603
figure1,-19.923435,-43.942583
figure1,-19.923308,-43.942504
figure1,-19.923431,-43.941984
figure1,-19.92361,-43.941368
figure1,-19.923646,-43.941374
figure1,-19.9237,-43.941218
figure1,-19.924178,-43.941358
figure1,-19.92465,-43.94154
figure1,-19.925165,-43.941707
figure1,-19.926084,-43.941957
figure1,-19.926926,-43.942188
figure1,-19.927326,-43.942335
figure1,-19.927781,-43.942466
figure1,-19.928132,-43.942543
figure1,-19.929025,-43.942768
figure1,-19.929865,-43.943008
figure1,-19.929865,-43.943024
figure1,-19.929789,-43.942935
figure1,-19.929742,-43.942914
figure1,-19.929685,-43.942899
figure1,-19.929627,-43.942873
figure1,-19.928832,-43.94268
figure1,-19.927943,-43.942476
figure1,-19.927751,-43.942379
figure1,-19.927491,-43.942345
figure1,-19.92681,-43.942155
figure1,-19.926491,-43.942032
figure1,-19.926411,-43.942009
figure1,-19.926338,-43.941983
figure1,-19.925482,-43.941717
figure1,-19.924651,-43.941475
figure1,-19.924565,-43.941428
figure1,-19.923936,-43.941392
figure1,-19.923881,-43.941393
figure1,-19.92379,-43.941371
figure1,-19.923269,-43.941149
figure1,-19.922686,-43.940943
figure1,-19.922186,-43.940783
figure1,-19.922131,-43.94073
figure1,-19.922108,-43.940711
figure1,-19.922081,-43.94069
figure1,-19.922051,-43.940671
figure1,-19.922021,-43.94065
figure1,-19.921989,-43.94063
figure1,-19.921958,-43.940601
figure1,-19.921924,-43.940583
figure1,-19.92189,-43.940568
figure1,-19.921856,-43.940583
figure1,-19.921759,-43.940587
figure1,-19.921521,-43.940454
figure1,-19.921466,-43.940401
figure1,-19.921465,-43.940371
figure1,-19.921461,-43.940349
figure1,-19.921499,-43.940196
figure1,-19.921507,-43.940162
figure1,-19.921502,-43.940129
figure1,-19.921547,-43.939823
figure1,-19.921522,-43.939547
figure1,-19.921536,-43.939478
figure1,-19.921548,-43.939409
figure1,-19.921544,-43.939365
figure1,-19.921527,-43.939296
figure1,-19.921518,-43.939251
figure1,-19.921524,-43.939173
figure1,-19.921619,-43.939046
figure1,-19.921714,-43.938751
figure1,-19.921897,-43.938125
figure1,-19.921991,-43.937763
figure1,-19.922073,-43.937391
figure1,-19.922065,-43.937321
figure1,-19.922082,-43.937255
figure1,-19.922117,-43.937167
figure1,-19.922169,-43.937081
figure1,-19.922225,-43.936964
figure1,-19.922215,-43.936906
figure1,-19.922235,-43.936747
figure1,-19.922176,-43.936684
figure1,-19.922148,-43.936713
figure1,-19.922123,-43.936735
figure1,-19.922094,-43.936754
figure1,-19.921719,-43.936969
figure1,-19.92064,-43.937755
figure1,-19.920625,-43.937872
figure1,-19.920607,-43.937924
figure1,-19.92047,-43.938438
figure1,-19.920447,-43.938538
figure1,-19.920265,-43.939336
figure1,-19.920166,-43.939468
figure1,-19.920045,-43.940017
figure1,-19.919883,-43.940724
figure1,-19.919791,-43.941398
figure1,-19.91976,-43.941539
figure1,-19.919616,-43.942058
figure1,-19.919401,-43.942874
figure1,-19.919215,-43.943751
figure1,-19.918868,-43.945081
figure1,-19.918538,-43.94641
figure1,-19.918267,-43.947482
figure1,-19.918152,-43.947921
figure1,-19.918449,-43.94813
figure1,-19.918518,-43.948139
figure1,-19.918544,-43.948111
figure1,-19.918574,-43.948085
figure1,-19.918614,-43.948087
figure1,-19.918949,-43.948223
figure1,-19.919658,-43.948403
figure1,-19.920356,-43.94859
figure1,-19.920581,-43.948629
figure1,-19.9206,-43.948594
figure1,-19.920614,-43.94854
figure1,-19.920726,-43.948027
figure1,-19.921008,-43.947001
figure1,-19.921225,-43.946372
figure1,-19.921241,-43.946316
figure1,-19.92124,-43.946267
figure1,-19.921388,-43.945524
figure1,-19.921314,-43.945804
figure1,-19.92109,-43.946765
figure1,-19.920979,-43.947185
figure1,-19.920846,-43.947776
figure1,-19.920667,-43.94851
figure1,-19.920637,-43.948646
figure1,-19.920655,-43.948656
figure1,-19.920973,-43.948759
figure1,-19.921719,-43.948943
figure1,-19.922365,-43.949123
figure1,-19.922894,-43.94928
figure1,-19.922963,-43.9493
figure1,-19.923898,-43.94956
figure1,-19.924168,-43.949649
figure1,-19.924206,-43.94961
figure1,-19.924286,-43.949629
figure1,-19.924324,-43.949645
figure1,-19.924374,-43.949665
figure1,-19.924871,-43.949816
figure1,-19.925299,-43.949941
figure1,-19.925328,-43.949949
figure1,-19.925378,-43.949963
figure1,-19.925431,-43.949977
figure1,-19.925916,-43.950115
figure1,-19.926863,-43.950391
figure1,-19.927926,-43.950673
figure1,-19.928046,-43.950727
figure1,-19.928515,-43.950919
figure1,-19.928568,-43.950977
figure1,-19.928627,-43.951011
figure1,-19.92917,-43.951095
figure1,-19.929467,-43.951164
figure1,-19.929495,-43.951174
figure1,-19.92953,-43.951189
figure1,-19.929567,-43.951204
figure1,-19.929779,-43.951262
figure1,-19.930327,-43.951365
figure1,-19.930577,-43.951393
figure1,-19.93116,-43.951566
figure1,-19.931616,-43.951674
figure1,-19.931656,-43.951631
figure1,-19.931672,-43.951578
figure1,-19.931882,-43.95082
figure1,-19.931982,-43.950349
figure1,-19.932167,-43.949635
figure1,-19.932266,-43.949362
figure1,-19.93247,-43.948456
figure1,-19.93258,-43.948115
figure1,-19.932756,-43.947325
figure1,-19.932884,-43.946926
figure1,-19.932996,-43.946505
figure1,-19.933109,-43.945904
figure1,-19.933305,-43.944892
figure1,-19.933307,-43.944777
figure1,-19.933347,-43.944518
figure1,-19.933358,-43.944414
figure1,-19.933359,-43.944362
figure1,-19.933449,-43.943947
figure1,-19.933571,-43.943542
figure1,-19.933658,-43.94307
figure1,-19.933737,-43.942759
figure1,-19.933759,-43.94267
figure1,-19.933789,-43.942592
figure1,-19.933813,-43.942535
figure1,-19.933825,-43.942481
figure1,-19.933831,-43.942435
figure1,-19.933841,-43.942401
figure1,-19.933856,-43.942364
figure1,-19.933861,-43.942322
figure1,-19.933887,-43.942095
figure1,-19.933909,-43.942016
figure1,-19.933985,-43.941688
figure1,-19.933975,-43.941622
figure1,-19.93409,-43.941339
figure1,-19.934193,-43.941043
figure1,-19.934245,-43.940801
figure1,-19.934342,-43.940331
figure1,-19.934448,-43.940085
figure1,-19.934257,-43.939626
figure1,-19.933487,-43.938952
figure1,-19.933112,-43.938811
figure1,-19.933175,-43.938358
figure1,-19.933218,-43.937615
figure1,-19.932631,-43.936679
figure1,-19.932108,-43.935759
figure1,-19.931732,-43.935157
figure1,-19.931405,-43.935072
figure1,-19.930916,-43.934964
figure1,-19.930682,-43.934893
figure1,-19.929681,-43.934603
figure1,-19.929369,-43.934525
figure1,-19.928339,-43.934217
figure1,-19.92825,-43.934199
figure1,-19.927974,-43.934142
figure1,-19.926934,-43.933867
figure1,-19.926816,-43.933823
figure1,-19.926019,-43.934306
figure1,-19.925364,-43.934782
figure1,-19.925308,-43.934815
figure1,-19.925249,-43.934858
figure1,-19.924336,-43.935357
figure1,-19.923239,-43.936033
figure1,-19.92219,-43.936663
figure1,-19.921973,-43.936803
figure1,-19.921964,-43.936788
figure1,-19.92211,-43.936688
figure1,-19.922454,-43.93648
figure1,-19.923601,-43.935793
figure1,-19.924356,-43.935324
figure1,-19.924459,-43.93531
figure1,-19.924534,-43.935411
figure1,-19.924547,-43.935442
figure1,-19.924647,-43.935591
figure1,-19.924696,-43.93571
figure1,-19.924723,-43.935704
figure1,-19.924734,-43.935728
figure1,-19.924745,-43.935771
figure1,-19.92483,-43.936195
figure1,-19.924748,-43.936729
figure1,-19.924735,-43.936769
figure1,-19.924556,-43.937608
figure1,-19.924495,-43.938254
figure1,-19.924539,-43.938299
figure1,-19.924562,-43.93826
figure1,-19.924753,-43.937644
figure1,-19.924728,-43.937415
figure1,-19.924752,-43.93742
figure1,-19.924913,-43.937496
figure1,-19.925348,-43.937601
figure1,-19.925393,-43.93759
figure1,-19.92543,-43.9376
figure1,-19.925711,-43.937702
figure1,-19.926003,-43.937703
figure1,-19.92603,-43.937714
figure1,-19.926068,-43.937721
figure1,-19.926105,-43.937733
figure1,-19.926665,-43.93793
figure1,-19.926705,-43.937934
figure1,-19.926744,-43.93794
figure1,-19.927028,-43.938027
figure1,-19.927731,-43.938246
figure1,-19.928428,-43.938421
figure1,-19.929226,-43.938616
figure1,-19.930441,-43.938957
figure1,-19.930843,-43.93907
figure1,-19.930823,-43.939095
figure1,-19.930804,-43.939134
figure1,-19.93079,-43.939185
figure1,-19.930772,-43.939252
figure1,-19.930683,-43.939559
figure1,-19.930597,-43.939891
figure1,-19.930586,-43.939919
figure1,-19.930635,-43.939926
figure1,-19.93066,-43.939963
figure1,-19.930675,-43.93994
figure1,-19.930685,-43.939912
figure1,-19.930688,-43.939879
figure1,-19.930683,-43.939846
figure1,-19.930717,-43.939604
figure1,-19.930747,-43.939512
figure1,-19.93076,-43.939483
figure1,-19.930771,-43.939451
figure1,-19.930776,-43.939415
figure1,-19.93086,-43.939309
figure1,-19.930958,-43.938762
figure1,-19.93101,-43.938623
figure1,-19.931071,-43.938174
figure1,-19.931119,-43.938061
figure1,-19.931127,-43.938046
figure1,-19.931142,-43.938059
figure1,-19.931074,-43.937978
figure1,-19.931091,-43.937956
figure1,-19.931106,-43.937935
figure1,-19.931121,-43.937907
figure1,-19.931132,-43.937905
figure1,-19.931125,-43.937927
figure1,-19.931114,-43.937971
figure1,-19.930928,-43.938566
figure1,-19.930708,-43.939366
figure1,-19.930586,-43.939857
figure1,-19.930533,-43.940019
figure1,-19.930545,-43.940105
figure1,-19.930597,-43.940149
figure1,-19.930629,-43.939983
figure1,-19.930698,-43.939745
figure1,-19.93071,-43.939615
figure1,-19.930764,-43.93954
figure1,-19.930766,-43.939503
figure1,-19.930775,-43.939475
figure1,-19.930803,-43.93941
figure1,-19.930864,-43.93914
figure1,-19.930856,-43.93908
figure1,-19.930543,-43.93895
figure1,-19.929741,-43.938728
figure1,-19.929088,-43.938566
figure1,-19.927893,-43.938207
figure1,-19.927033,-43.93797
figure1,-19.926693,-43.937874
figure1,-19.926436,-43.937844
figure1,-19.926101,-43.937746
figure1,-19.925581,-43.937599
figure1,-19.925026,-43.937465
figure1,-19.924689,-43.937385
figure1,-19.924651,-43.937403
figure1,-19.924617,-43.937441
figure1,-19.924518,-43.938115
figure1,-19.924456,-43.938547
figure1,-19.924456,-43.938571
figure1,-19.924478,-43.938528
figure1,-19.924492,-43.938427
figure1,-19.924638,-43.937943
figure1,-19.924765,-43.937256
figure1,-19.924786,-43.937091
figure1,-19.924823,-43.936716
figure1,-19.924914,-43.936149
figure1,-19.924926,-43.936085
figure1,-19.924917,-43.936048
figure1,-19.924776,-43.935709
figure1,-19.924635,-43.935447
figure2,-19.93416,-43.946115
figure2,-19.934191,-43.94638
figure2,-19.934135,-43.946741
figure2,-19.934463,-43.946899
figure2,-19.934699,-43.947007
figure2,-19.934179,-43.946933
figure2,-19.933753,-43.946875
figure2,-19.933548,-43.946837
figure2,-19.933998,-43.946911
figure2,-19.934152,-43.946561
figure2,-19.934515,-43.945602
figure2,-19.93496,-43.945656
figure2,-19.935265,-43.945775
figure2,-19.935496,-43.945937
figure2,-19.935425,-43.946332
figure2,-19.935318,-43.946766
figure2,-19.935242,-43.947148
figure2,-19.935103,-43.947478
figure2,-19.935048,-43.947884
figure2,-19.934908,-43.948299
figure2,-19.934432,-43.948277
figure2,-19.933974,-43.948257
figure2,-19.933671,-43.948118
figure2,-19.933425,-43.948249
figure2,-19.933283,-43.948545
figure2,-19.933136,-43.948923
figure2,-19.933014,-43.949219
figure2,-19.932983,-43.950169
figure2,-19.933143,-43.9505
figure2,-19.933153,-43.95093
figure2,-19.932926,-43.951219
figure2,-19.932487,-43.951044
figure2,-19.932034,-43.950959
figure2,-19.931734,-43.951231
figure2,-19.931636,-43.951671
figure2,-19.931989,-43.951833
figure2,-19.932299,-43.951963
figure2,-19.932679,-43.952056
figure2,-19.932867,-43.951675
figure2,-19.933045,-43.951355
figure2,-19.933137,-43.950966
figure2,-19.933405,-43.95118
figure2,-19.933612,-43.951466
figure2,-19.933811,-43.951828
figure2,-19.933921,-43.952244
figure2,-19.933812,-43.952716
figure2,-19.933974,-43.953334
figure2,-19.933533,-43.953574
figure2,-19.933019,-43.95338
figure2,-19.932547,-43.953297
figure2,-19.932448,-43.953726
figure2,-19.932313,-43.954145
figure2,-19.932224,-43.954549
figure2,-19.932538,-43.954515
figure2,-19.932901,-43.954265
figure2,-19.933211,-43.953909
figure2,-19.93354,-43.953574
figure2,-19.933716,-43.953246
figure2,-19.933538,-43.953625
figure2,-19.933193,-43.953961
figure2,-19.932855,-43.954279
figure2,-19.932399,-43.954631
figure2,-19.932151,-43.954919
figure2,-19.931885,-43.955154
figure2,-19.931546,-43.955497
figure2,-19.930771,-43.95617
figure2,-19.930596,-43.956345
figure2,-19.930318,-43.956705
figure2,-19.929831,-43.956846
figure2,-19.929339,-43.957099
figure2,-19.928779,-43.9573
figure2,-19.928247,-43.957504
figure2,-19.927702,-43.957733
figure2,-19.927148,-43.957979
figure2,-19.926584,-43.958126
figure2,-19.926046,-43.958371
figure2,-19.925548,-43.958299
figure2,-19.925099,-43.95818
figure2,-19.924659,-43.958019
figure2,-19.924163,-43.957857
figure2,-19.923705,-43.957772
figure2,-19.923248,-43.957651
figure2,-19.92275,-43.957498
figure2,-19.922138,-43.957318
figure2,-19.921532,-43.95718
figure2,-19.920915,-43.957031
figure2,-19.920277,-43.956908
figure2,-19.919891,-43.956683
figure2,-19.919459,-43.95666
figure2,-19.919002,-43.956539
figure2,-19.918196,-43.955219
figure2,-19.918011,-43.954774
figure2,-19.917851,-43.954341
figure2,-19.917636,-43.953818
figure2,-19.917643,-43.953279
figure2,-19.917673,-43.952556
figure2,-19.917724,-43.951978
figure2,-19.91775,-43.951493
figure2,-19.917798,-43.950967
figure2,-19.917822,-43.950579
figure2,-19.917864,-43.950195
figure2,-19.917994,-43.949806
figure2,-19.917971,-43.949331
figure2,-19.91797,-43.948679
figure2,-19.91806,-43.948177
figure2,-19.918089,-43.947807
figure2,-19.917999,-43.947293
figure2,-19.917912,-43.946839
figure2,-19.917651,-43.946376
figure2,-19.917395,-43.945834
figure2,-19.917541,-43.945448
figure2,-19.917699,-43.945177
figure2,-19.919164,-43.945364
figure2,-19.919735,-43.945661
figure2,-19.92017,-43.945725
figure2,-19.920593,-43.945808
figure2,-19.920975,-43.945902
figure2,-19.921185,-43.94621
figure2,-19.921146,-43.94662
figure2,-19.920999,-43.94702
figure2,-19.920771,-43.947394
figure2,-19.920671,-43.947734
figure2,-19.920693,-43.948198
figure2,-19.920621,-43.948585
figure2,-19.920966,-43.948746
figure2,-19.921363,-43.948813
figure2,-19.921706,-43.948935
figure2,-19.922121,-43.94904
figure2,-19.922562,-43.9491
figure2,-19.922932,-43.949202
figure2,-19.923324,-43.949329
figure2,-19.923758,-43.949485
figure2,-19.924133,-43.949614
figure2,-19.924522,-43.948412
figure2,-19.924852,-43.948489
figure2,-19.925196,-43.948618
figure2,-19.92551,-43.94866
figure2,-19.925751,-43.948763
figure2,-19.925594,-43.949529
figure2,-19.925457,-43.949899
figure2,-19.925226,-43.949954
figure2,-19.924811,-43.949831
figure2,-19.924385,-43.949708
figure2,-19.924525,-43.949738
figure2,-19.924848,-43.949978
figure2,-19.925275,-43.94999
figure2,-19.925706,-43.950127
figure2,-19.926132,-43.950197
figure2,-19.926498,-43.950321
figure2,-19.926776,-43.950103
figure2,-19.927001,-43.94974
figure2,-19.927054,-43.949368
figure2,-19.927265,-43.948205
figure2,-19.927345,-43.94785
figure2,-19.926326,-43.947507
figure2,-19.925482,-43.947329
figure2,-19.925059,-43.947276
figure2,-19.924682,-43.947168
figure2,-19.9243,-43.947016
figure2,-19.92397,-43.946952
figure2,-19.923713,-43.946664
figure2,-19.923849,-43.946084
figure2,-19.923957,-43.945654
figure2,-19.9243,-43.94563
figure2,-19.924663,-43.945707
figure2,-19.924974,-43.945789
figure2,-19.925379,-43.945858
figure2,-19.925767,-43.946011
figure2,-19.926058,-43.946089
figure2,-19.926429,-43.946223
figure2,-19.926893,-43.946435
figure2,-19.927512,-43.946467
figure2,-19.927047,-43.946336
figure2,-19.92653,-43.946236
figure2,-19.92599,-43.946062
figure2,-19.925511,-43.945941
figure2,-19.925042,-43.945797
figure2,-19.924605,-43.94571
figure2,-19.924172,-43.945567
figure2,-19.923974,-43.945792
figure2,-19.923823,-43.946078
figure2,-19.923767,-43.946564
figure2,-19.923631,-43.946938
figure2,-19.92344,-43.947466
figure2,-19.923299,-43.948041
figure2,-19.923294,-43.9492
figure2,-19.922966,-43.94934
figure2,-19.922549,-43.949157
figure2,-19.922122,-43.949062
figure2,-19.92166,-43.94892
figure2,-19.921258,-43.948792
figure2,-19.920716,-43.948641
figure2,-19.920025,-43.948476
figure2,-19.91819,-43.947942
figure2,-19.918321,-43.947566
figure2,-19.918469,-43.947136
figure2,-19.918577,-43.946821
figure2,-19.918956,-43.946857
figure2,-19.91934,-43.947107
figure2,-19.919677,-43.947008
figure2,-19.919636,-43.947315
figure2,-19.919515,-43.947816
figure2,-19.919371,-43.948226
figure2,-19.919746,-43.9484
figure2,-19.920107,-43.948535
figure2,-19.920419,-43.948602
figure2,-19.920678,-43.948415
figure2,-19.920713,-43.947781
figure2,-19.920789,-43.94734
figure2,-19.920965,-43.946861
figure2,-19.920897,-43.94604
figure2,-19.920437,-43.945911
figure2,-19.919947,-43.945773
figure2,-19.919639,-43.945667
figure2,-19.919171,-43.945564
figure2,-19.918751,-43.945439
figure2,-19.91837,-43.945351
figure2,-19.91794,-43.94524
figure2,-19.917501,-43.945129
figure2,-19.916947,-43.945012
figure2,-19.916541,-43.944859
figure2,-19.916206,-43.944729
figure2,-19.915806,-43.944657
figure2,-19.915514,-43.944449
figure2,-19.915123,-43.944161
figure2,-19.914735,-43.943834
figure2,-19.914315,-43.943488
figure2,-19.914092,-43.943153
figure2,-19.913821,-43.942795
figure2,-19.913617,-43.942374
figure2,-19.913351,-43.941882
figure2,-19.913101,-43.941429
figure2,-19.913428,-43.94083
figure2,-19.913692,-43.940832
figure2,-19.914097,-43.940918
figure2,-19.914467,-43.941011
figure2,-19.914857,-43.94109
figure2,-19.915265,-43.941305
figure2,-19.915694,-43.941424
figure2,-19.916103,-43.941511
figure2,-19.916415,-43.941663
figure2,-19.916778,-43.941809
figure2,-19.917161,-43.94189
figure2,-19.917517,-43.942082
figure2,-19.917911,-43.942121
figure2,-19.91831,-43.942165
figure2,-19.918691,-43.942279
figure2,-19.919163,-43.942385
figure2,-19.919502,-43.942518
figure2,-19.920143,-43.942625
figure2,-19.920621,-43.942856
figure2,-19.920531,-43.943249
figure2,-19.920394,-43.943737
figure2,-19.920285,-43.944531
figure2,-19.91999,-43.944336
figure2,-19.919583,-43.94419
figure2,-19.919133,-43.944064
figure2,-19.91875,-43.943972
figure2,-19.918349,-43.943913
figure2,-19.918028,-43.943769
figure2,-19.918031,-43.943815
figure2,-19.918396,-43.943879
figure2,-19.918769,-43.943896
figure2,-19.919118,-43.94402
figure2,-19.919475,-43.944107
figure2,-19.91991,-43.944263
figure2,-19.920279,-43.944229
figure2,-19.920422,-43.943835
figure2,-19.92059,-43.943301
figure2,-19.920679,-43.942853
figure2,-19.920382,-43.942716
figure2,-19.920005,-43.942757
figure2,-19.91966,-43.942636
figure2,-19.917865,-43.942124
figure2,-19.917416,-43.942031
figure2,-19.917154,-43.941841
figure2,-19.917226,-43.941404
figure2,-19.917312,-43.941024
figure2,-19.917407,-43.940655
figure2,-19.917532,-43.940223
figure2,-19.917595,-43.939854
figure2,-19.917931,-43.939599
figure2,-19.918306,-43.939359
figure2,-19.918715,-43.939168
figure2,-19.919077,-43.938883
figure2,-19.919484,-43.938785
figure2,-19.919872,-43.938826
figure2,-19.920111,-43.938835
figure2,-19.921558,-43.939351
figure2,-19.923015,-43.939608
figure2,-19.923695,-43.939961
figure2,-19.924159,-43.940096
figure2,-19.924568,-43.940207
figure2,-19.925165,-43.940415
figure2,-19.926502,-43.940732
figure2,-19.926886,-43.940799
figure2,-19.927381,-43.940891
figure2,-19.927753,-43.940983
figure2,-19.928298,-43.941099
figure2,-19.92864,-43.941208
figure2,-19.929007,-43.94131
figure2,-19.929404,-43.941431
figure2,-19.929866,-43.941548
figure2,-19.930632,-43.94162
figure2,-19.93099,-43.941785
figure2,-19.93132,-43.941911
figure2,-19.931182,-43.94341
figure2,-19.931297,-43.94263
figure2,-19.931351,-43.942243
figure2,-19.931192,-43.942001
figure2,-19.930684,-43.941568
figure2,-19.930249,-43.94169
figure2,-19.930249,-43.941342
figure2,-19.930268,-43.940993
figure2,-19.930405,-43.940626
figure2,-19.9302,-43.940355
figure2,-19.929842,-43.940211
figure2,-19.92946,-43.940094
figure2,-19.929176,-43.940295
figure2,-19.929194,-43.940394
figure2,-19.929204,-43.940077
figure2,-19.928848,-43.940017
figure2,-19.928435,-43.939759
figure2,-19.928048,-43.939731
figure2,-19.9279,-43.94008
figure2,-19.928008,-43.939812
figure2,-19.927653,-43.939648
figure2,-19.927244,-43.939549
figure2,-19.926832,-43.939608
figure2,-19.926665,-43.939912
figure2,-19.92664,-43.939574
figure2,-19.925859,-43.939087
figure2,-19.925554,-43.939203
figure2,-19.925383,-43.939497
figure2,-19.925483,-43.939117
figure2,-19.925431,-43.939077
figure2,-19.925035,-43.938974
figure2,-19.924697,-43.938841
figure2,-19.924393,-43.938806
figure2,-19.924384,-43.939199
figure2,-19.924366,-43.938823
figure2,-19.924026,-43.938629
figure2,-19.923596,-43.938506
figure2,-19.923149,-43.938511
figure2,-19.923077,-43.938849
figure2,-19.923071,-43.938505
figure2,-19.922888,-43.93839
figure2,-19.922614,-43.93823
figure2,-19.922168,-43.938193
figure2,-19.921919,-43.938182
figure2,-19.921794,-43.938496
figure2,-19.921742,-43.938054
figure2,-19.921332,-43.937934
figure2,-19.920908,-43.937807
figure2,-19.920597,-43.938037
figure2,-19.920511,-43.938475
figure2,-19.920394,-43.938817
figure2,-19.920434,-43.938725
figure2,-19.920519,-43.938286
figure2,-19.920951,-43.937808
figure2,-19.921327,-43.937864
figure2,-19.921685,-43.937906
figure2,-19.922046,-43.938046
figure2,-19.922403,-43.938109
figure2,-19.922818,-43.93812
figure2,-19.923064,-43.938354
figure2,-19.923284,-43.938129
figure2,-19.923404,-43.937668
figure2,-19.923538,-43.937232
figure2,-19.923702,-43.936921
figure2,-19.924092,-43.936669
figure2,-19.924476,-43.936439
figure2,-19.924821,-43.936155
figure2,-19.92515,-43.935929
figure2,-19.925575,-43.935786
figure2,-19.926041,-43.935667
figure2,-19.926406,-43.935365
figure2,-19.92657,-43.934975
figure2,-19.92688,-43.933627
figure2,-19.927013,-43.93318
figure2,-19.927137,-43.932888
figure2,-19.926981,-43.932771
figure2,-19.926995,-43.932816
figure2,-19.927197,-43.932562
figure2,-19.926882,-43.932459
figure2,-19.926479,-43.932363
figure2,-19.926045,-43.9322
figure2,-19.925587,-43.932064
figure2,-19.925098,-43.931965
figure2,-19.924684,-43.931776
figure2,-19.924258,-43.931675
figure2,-19.92389,-43.931605
figure2,-19.923433,-43.931433
figure2,-19.923027,-43.93131
figure2,-19.922863,-43.931102
figure2,-19.922944,-43.930697
figure2,-19.923074,-43.930301
figure2,-19.923205,-43.929892
figure2,-19.923324,-43.929482
figure2,-19.923378,-43.929076
figure2,-19.923478,-43.928611
figure2,-19.923589,-43.928211
figure2,-19.923698,-43.927739
figure2,-19.923882,-43.927495
figure2,-19.924169,-43.927657
figure2,-19.924444,-43.927554
figure2,-19.924607,-43.927147
figure2,-19.924703,-43.92679
figure2,-19.925144,-43.926428
figure2,-19.925514,-43.926548
figure2,-19.925861,-43.926637
figure2,-19.926243,-43.926705
figure2,-19.926574,-43.926763
figure2,-19.926935,-43.926851
figure2,-19.927207,-43.926852
figure2,-19.927281,-43.926476
figure2,-19.92736,-43.926086
figure2,-19.927356,-43.925712
figure2,-19.927042,-43.925545
figure2,-19.926638,-43.925418
figure2,-19.926221,-43.925398
figure2,-19.925897,-43.925241
figure2,-19.925567,-43.925042
figure2,-19.925155,-43.92509
figure2,-19.925193,-43.924745
figure2,-19.925395,-43.924094
figure2,-19.925379,-43.923833
figure2,-19.925674,-43.923774
figure2,-19.927076,-43.924222
figure2,-19.927397,-43.924376
figure2,-19.927708,-43.924364
figure2,-19.927906,-43.924137
figure2,-19.928046,-43.923648
figure2,-19.928028,-43.923227
figure2,-19.927628,-43.923098
figure2,-19.927264,-43.922946
figure2,-19.926586,-43.922697
figure2,-19.926171,-43.922602
figure2,-19.925769,-43.922456
figure2,-19.92576,-43.922192
figure2,-19.925823,-43.921811
figure2,-19.925976,-43.921418
figure2,-19.925868,-43.921127
figure2,-19.92551,-43.92104
figure2,-19.925081,-43.920828
figure2,-19.924947,-43.920653
figure2,-19.925076,-43.920205
figure2,-19.925076,-43.919725
figure2,-19.925018,-43.91826
figure2,-19.92502,-43.918235
figure2,-19.924913,-43.918607
figure2,-19.924777,-43.918992
figure2,-19.924765,-43.91931
figure2,-19.925027,-43.91957
figure2,-19.92502,-43.920058
figure2,-19.924888,-43.920506
figure2,-19.924877,-43.920933
figure2,-19.925214,-43.921004
figure2,-19.925657,-43.921074
figure2,-19.926034,-43.921188
figure2,-19.926437,-43.921292
figure2,-19.927049,-43.921549
figure2,-19.927298,-43.921445
figure2,-19.927434,-43.921034
figure2,-19.927529,-43.920621
figure2,-19.927723,-43.920406
figure2,-19.928023,-43.920256
figure2,-19.928608,-43.919731
figure2,-19.92828,-43.919959
figure2,-19.927982,-43.920129
figure2,-19.927612,-43.920428
figure2,-19.927458,-43.920896
figure2,-19.927312,-43.921335
figure2,-19.926987,-43.921464
figure2,-19.926614,-43.921334
figure2,-19.926193,-43.921233
figure2,-19.925905,-43.921437
figure2,-19.925766,-43.921931
figure2,-19.925688,-43.922403
figure2,-19.925392,-43.922336
figure2,-19.924958,-43.922322
figure2,-19.924619,-43.922241
figure2,-19.924168,-43.92213
figure2,-19.923604,-43.921953
figure2,-19.9232,-43.922028
figure2,-19.923099,-43.922503
figure2,-19.923004,-43.922917
figure2,-19.924114,-43.923408
figure2,-19.924568,-43.923571
figure2,-19.925053,-43.923637
figure2,-19.925396,-43.923767
figure2,-19.925326,-43.924153
figure2,-19.925172,-43.924607
figure2,-19.925038,-43.924973
figure2,-19.924732,-43.924898
figure2,-19.924359,-43.924769
figure2,-19.923828,-43.924751
figure2,-19.923503,-43.924561
figure2,-19.922962,-43.924433
figure2,-19.922636,-43.924478
figure2,-19.922537,-43.924991
figure2,-19.92242,-43.925433
figure2,-19.922463,-43.925735
figure2,-19.922805,-43.92588
figure2,-19.923264,-43.925946
figure2,-19.924555,-43.926251
figure2,-19.924729,-43.92649
figure2,-19.924707,-43.926878
figure2,-19.924499,-43.927225
figure2,-19.924423,-43.927534
figure2,-19.924055,-43.927485
figure2,-19.923581,-43.927336
figure2,-19.923196,-43.927291
figure2,-19.922883,-43.927176
figure2,-19.922494,-43.927097
figure2,-19.921864,-43.926949
figure2,-19.921364,-43.926803
figure2,-19.921052,-43.926653
figure2,-19.92082,-43.926381
figure2,-19.9209,-43.925945
figure2,-19.921173,-43.925614
figure2,-19.921378,-43.925274
figure2,-19.921499,-43.924769
figure2,-19.921356,-43.924379
figure2,-19.921482,-43.924075
figure2,-19.92196,-43.922516
figure2,-19.921983,-43.922038
figure2,-19.922014,-43.921654
figure2,-19.922185,-43.921302
figure2,-19.922275,-43.920948
figure2,-19.922332,-43.920573
figure2,-19.922474,-43.920108
figure2,-19.922486,-43.919612
figure2,-19.922723,-43.919049
figure2,-19.922611,-43.91877
figure2,-19.922496,-43.9184
figure2,-19.922373,-43.91781
figure2,-19.922246,-43.91751
figure2,-19.922131,-43.917298
figure2,-19.922085,-43.91691
figure2,-19.922031,-43.916819
figure2,-19.922144,-43.917184
figure2,-19.922274,-43.917563
figure2,-19.922628,-43.918769
figure2,-19.922566,-43.919273
figure2,-19.922494,-43.919653
figure2,-19.922384,-43.920178
figure2,-19.922256,-43.920658
figure2,-19.922094,-43.921296
figure2,-19.921973,-43.921759
figure2,-19.921839,-43.922268
figure2,-19.921727,-43.922687
figure2,-19.921705,-43.923121
figure2,-19.921629,-43.92355
figure2,-19.921506,-43.92402
figure2,-19.921437,-43.924389
figure2,-19.921448,-43.924835
figure2,-19.921312,-43.925283
figure2,-19.921031,-43.925648
figure2,-19.920866,-43.925988
figure2,-19.920834,-43.926414
figure2,-19.921173,-43.926558
figure2,-19.921516,-43.926746
figure2,-19.922852,-43.927046
figure2,-19.923121,-43.927083
figure2,-19.923363,-43.927172
figure2,-19.923696,-43.927399
figure2,-19.924058,-43.927497
figure2,-19.92445,-43.927549
figure2,-19.924722,-43.927766
figure2,-19.925121,-43.927939
figure2,-19.925492,-43.92802
figure2,-19.925915,-43.928141
figure2,-19.926408,-43.928253
figure2,-19.926769,-43.928282
figure2,-19.927131,-43.928495
figure2,-19.927463,-43.928642
figure2,-19.927848,-43.928593
figure2,-19.927928,-43.928891
figure2,-19.927644,-43.931026
figure2,-19.927195,-43.93151
figure2,-19.927219,-43.932019
figure2,-19.927226,-43.9324
figure2,-19.927594,-43.932567
figure2,-19.928073,-43.932808
figure2,-19.928597,-43.932905
figure2,-19.928988,-43.932959
figure2,-19.929446,-43.933119
figure2,-19.929822,-43.933375
figure2,-19.930286,-43.933337
figure2,-19.930679,-43.933397
figure2,-19.930766,-43.933306
figure2,-19.930808,-43.933186
figure2,-19.930881,-43.932778
figure2,-19.931039,-43.932279
figure2,-19.930694,-43.932033
figure2,-19.929495,-43.931836
figure2,-19.929534,-43.9318
figure2,-19.929792,-43.931533
figure2,-19.929565,-43.931216
figure2,-19.929378,-43.930874
figure2,-19.92919,-43.930525
figure2,-19.929022,-43.930149
figure2,-19.929157,-43.929796
figure2,-19.929265,-43.929409
figure2,-19.929386,-43.929043
figure2,-19.929349,-43.928724
figure2,-19.929457,-43.928345
figure2,-19.929628,-43.927974
figure2,-19.929699,-43.927533
figure2,-19.929802,-43.927177
figure2,-19.929913,-43.926759
figure2,-19.930043,-43.926309
figure2,-19.929965,-43.926172
figure2,-19.929982,-43.925834
figure2,-19.929983,-43.925445
figure2,-19.930188,-43.925093
figure2,-19.930381,-43.92471
figure2,-19.930417,-43.924238
figure2,-19.930617,-43.923804
figure2,-19.930682,-43.923433
figure2,-19.93105,-43.922469
figure2,-19.931271,-43.922182
figure2,-19.931583,-43.922184
figure2,-19.931793,-43.922417
figure2,-19.932053,-43.922601
figure2,-19.932321,-43.922826
figure2,-19.932546,-43.923203
figure2,-19.932759,-43.923511
figure2,-19.932486,-43.923747
figure2,-19.932194,-43.923978
figure2,-19.932189,-43.924273
figure2,-19.932533,-43.924394
figure2,-19.932819,-43.924778
figure2,-19.932887,-43.92529
figure2,-19.932796,-43.925654
figure2,-19.932715,-43.92601
figure2,-19.93261,-43.926409
figure2,-19.932157,-43.928468
figure2,-19.932004,-43.928932
figure2,-19.931871,-43.929359
figure2,-19.931758,-43.929644
figure2,-19.931695,-43.930006
figure2,-19.931519,-43.930347
figure2,-19.931441,-43.930649
figure2,-19.931235,-43.930994
figure2,-19.930868,-43.931241
figure2,-19.930442,-43.931484
figure2,-19.930031,-43.931776
figure2,-19.929881,-43.932157
figure2,-19.929657,-43.932047
figure2,-19.928753,-43.931679
figure2,-19.928455,-43.932849
figure2,-19.928657,-43.932909
figure2,-19.929088,-43.932907
figure2,-19.929591,-43.933111
figure2,-19.930138,-43.933213
figure2,-19.93055,-43.933415
figure2,-19.930904,-43.933519
figure2,-19.931365,-43.933586
figure2,-19.931722,-43.933748
figure2,-19.932124,-43.933998
figure2,-19.93252,-43.934144
figure2,-19.932925,-43.934207
figure2,-19.933359,-43.934311
figure2,-19.933638,-43.934445
figure2,-19.934147,-43.934413
figure2,-19.934496,-43.934588
figure2,-19.934931,-43.934606
figure2,-19.93536,-43.93468
figure2,-19.935524,-43.934749
figure2,-19.935441,-43.934441
figure2,-19.936181,-43.932609
figure2,-19.936196,-43.932338
figure2,-19.936264,-43.932244
figure2,-19.936238,-43.931666
figure2,-19.936173,-43.931234
figure2,-19.93638,-43.930849
figure2,-19.936674,-43.93047
figure2,-19.936952,-43.930149
figure2,-19.936956,-43.929865
figure2,-19.937081,-43.929536
figure2,-19.937106,-43.928926
figure2,-19.937346,-43.928878
figure2,-19.937287,-43.928366
figure2,-19.937202,-43.928017
figure2,-19.937427,-43.927707
figure2,-19.937674,-43.926937
figure2,-19.937707,-43.926663
figure2,-19.93776,-43.926298
figure2,-19.937938,-43.925992
figure2,-19.938214,-43.925897
figure2,-19.938528,-43.925962
figure2,-19.938867,-43.925773
figure2,-19.939174,-43.925506
figure2,-19.939135,-43.925058
figure2,-19.939095,-43.924558
figure2,-19.939053,-43.923956
figure2,-19.939081,-43.923489
figure2,-19.938953,-43.922977
figure2,-19.938922,-43.922542
figure2,-19.938898,-43.92187
figure2,-19.938855,-43.92143
figure2,-19.938899,-43.921033
figure2,-19.938876,-43.91993
figure2,-19.938519,-43.919716
figure2,-19.938155,-43.919591
figure2,-19.937797,-43.919473
figure2,-19.937355,-43.91933
figure2,-19.936991,-43.919249
figure2,-19.936622,-43.918897
figure2,-19.936496,-43.918881
figure2,-19.936424,-43.918788
figure2,-19.936216,-43.918774
figure2,-19.936249,-43.91863
figure2,-19.936007,-43.918683
figure2,-19.935744,-43.918484
figure2,-19.935507,-43.91835
figure2,-19.93562,-43.918466
figure2,-19.936017,-43.91867
figure2,-19.936375,-43.918788
figure2,-19.936481,-43.91881
figure2,-19.937638,-43.919513
figure2,-19.938128,-43.919543
figure2,-19.938436,-43.919676
figure2,-19.938827,-43.919788
figure2,-19.939026,-43.920097
figure2,-19.938993,-43.920637
figure2,-19.939006,-43.921485
figure2,-19.938961,-43.922016
figure2,-19.939009,-43.922477
figure2,-19.939081,-43.922892
figure2,-19.939083,-43.923278
figure2,-19.93906,-43.923678
figure2,-19.939044,-43.924232
figure2,-19.939132,-43.924744
figure2,-19.939162,-43.925076
figure2,-19.939263,-43.925449
figure2,-19.938943,-43.925714
figure2,-19.938591,-43.925921
figure2,-19.938161,-43.925946
figure2,-19.937525,-43.9275
figure2,-19.937471,-43.927734
figure2,-19.937328,-43.9281
figure2,-19.937226,-43.928567
figure2,-19.937029,-43.929053
figure2,-19.936929,-43.929575
figure2,-19.936634,-43.931235
figure2,-19.936479,-43.9318
figure2,-19.936342,-43.932229
figure2,-19.936377,-43.932411
figure2,-19.93593,-43.933283
figure2,-19.935841,-43.933575
figure2,-19.935878,-43.933968
figure2,-19.935714,-43.93443
figure2,-19.935726,-43.934814
figure2,-19.935305,-43.934776
figure2,-19.934816,-43.934763
figure2,-19.934257,-43.934528
figure2,-19.933791,-43.93433
figure2,-19.933209,-43.934188
figure2,-19.932726,-43.934079
figure2,-19.932307,-43.933951
figure2,-19.93241,-43.932439
figure2,-19.93237,-43.931928
figure2,-19.93247,-43.931544
figure2,-19.932528,-43.931201
figure2,-19.932784,-43.930656
figure2,-19.932796,-43.930381
figure2,-19.932941,-43.930024
figure2,-19.933013,-43.929618
figure2,-19.933092,-43.929257
figure2,-19.933135,-43.928901
figure2,-19.933198,-43.928573
figure2,-19.933294,-43.928173
figure2,-19.93342,-43.927862
figure2,-19.933582,-43.927569
figure2,-19.933706,-43.927184
figure2,-19.933827,-43.926787
figure2,-19.933844,-43.926268
figure2,-19.93397,-43.925834
figure2,-19.934204,-43.924516
figure2,-19.933932,-43.923811
figure2,-19.933953,-43.923386
figure2,-19.934345,-43.923287
figure2,-19.934288,-43.922918
figure2,-19.933968,-43.922548
figure2,-19.933675,-43.922344
figure2,-19.933406,-43.922022
figure2,-19.933122,-43.921717
figure2,-19.932876,-43.921717
figure2,-19.932595,-43.921779
figure2,-19.932358,-43.921626
figure2,-19.932049,-43.921452
figure2,-19.931723,-43.921307
figure2,-19.930616,-43.920731
figure2,-19.930386,-43.921045
figure2,-19.930088,-43.921614
figure2,-19.929823,-43.922026
figure2,-19.929623,-43.922386
figure2,-19.92951,-43.922776
figure2,-19.929414,-43.923269
figure2,-19.929353,-43.923587
figure2,-19.92932,-43.923872
figure2,-19.929165,-43.92422
figure2,-19.929109,-43.924773
figure2,-19.929051,-43.925245
figure2,-19.928923,-43.925651
figure2,-19.928778,-43.926085
figure2,-19.928719,-43.926407
figure2,-19.928593,-43.926841
figure2,-19.928523,-43.927252
figure2,-19.928347,-43.927677
figure2,-19.927956,-43.928904
figure2,-19.927858,-43.929408
figure2,-19.927732,-43.929911
figure2,-19.92766,-43.930448
figure2,-19.927548,-43.930962
figure2,-19.927415,-43.931414
figure2,-19.927303,-43.931844
figure2,-19.927182,-43.932231
figure2,-19.927207,-43.932525
figure2,-19.927475,-43.932517
figure2,-19.92782,-43.932773
figure2,-19.928213,-43.932827
figure2,-19.928558,-43.932923
figure2,-19.92886,-43.93305
figure2,-19.929183,-43.933142
figure2,-19.929589,-43.933233
figure2,-19.929894,-43.933377
figure2,-19.930305,-43.933416
figure2,-19.930609,-43.933531
figure2,-19.930763,-43.933837
figure2,-19.930652,-43.934274
figure2,-19.930012,-43.935815
figure2,-19.930154,-43.936108
figure2,-19.93044,-43.936234
figure2,-19.930745,-43.936365
figure2,-19.931045,-43.936474
figure2,-19.931324,-43.936583
figure2,-19.931464,-43.937005
figure2,-19.931401,-43.937226
figure2,-19.931885,-43.937343
figure2,-19.932206,-43.937495
figure2,-19.932112,-43.937829
figure2,-19.932268,-43.93811
figure2,-19.932629,-43.938228
figure2,-19.932876,-43.938435
figure2,-19.932882,-43.938843
figure2,-19.93331,-43.939136
figure2,-19.933117,-43.940069
figure2,-19.933028,-43.940447
figure2,-19.933,-43.94082
figure2,-19.933301,-43.94128
figure2,-19.933738,-43.941317
figure2,-19.934089,-43.94135
figure2,-19.933999,-43.941638
figure2,-19.933847,-43.942005
figure2,-19.933771,-43.942442
figure2,-19.933707,-43.942946
figure2,-19.933489,-43.943436
figure2,-19.933602,-43.943799
figure2,-19.933755,-43.943921
figure2,-19.934328,-43.944253
figure2,-19.934605,-43.94436
figure2,-19.93453,-43.945524
figure2,-19.934994,-43.945594
figure2,-19.935333,-43.945708
figure2,-19.935473,-43.946072
figure2,-19.935365,-43.946458
figure2,-19.935203,-43.946773
figure2,-19.935296,-43.947181
figure2,-19.935483,-43.947453
figure2,-19.935772,-43.947738
figure2,-19.93603,-43.947911
figure2,-19.936071,-43.948358
figure2,-19.936324,-43.948582
figure2,-19.936485,-43.948788
figure2,-19.936468,-43.949194
figure2,-19.936545,-43.949543
figure2,-19.936523,-43.949963
figure2,-19.936719,-43.950876
figure2,-19.936896,-43.951202
figure2,-19.936944,-43.951644
figure2,-19.936953,-43.95201
figure2,-19.937081,-43.952296
figure2,-19.93708,-43.952617
figure2,-19.937034,-43.953077
figure2,-19.937029,-43.953399
figure2,-19.936651,-43.953411
figure2,-19.936488,-43.953689
figure2,-19.93645,-43.953987
figure2,-19.936304,-43.954465
figure2,-19.936125,-43.955037
figure2,-19.935961,-43.955718
figure2,-19.935824,-43.956241
figure2,-19.9348,-43.956726
figure2,-19.934596,-43.957411
figure2,-19.934426,-43.958058
figure2,-19.934416,-43.958547
figure2,-19.934374,-43.958983
figure2,-19.934117,-43.95919
figure2,-19.9336,-43.959021
figure2,-19.933081,-43.958887
figure2,-19.932612,-43.958824
figure2,-19.932417,-43.95875
figure2,-19.932011,-43.958965
figure2,-19.931506,-43.959264
figure2,-19.931012,-43.959468
figure2,-19.930601,-43.959665
figure2,-19.930281,-43.959796
figure2,-19.929866,-43.959816
figure2,-19.929465,-43.959779
figure2,-19.92905,-43.959752
figure2,-19.927786,-43.959243
figure2,-19.927697,-43.958926
figure2,-19.927416,-43.959011
figure2,-19.926987,-43.959076
figure2,-19.926946,-43.958771
figure2,-19.926797,-43.958479
figure2,-19.926612,-43.958234
figure2,-19.926705,-43.957969
figure2,-19.927077,-43.957702
figure2,-19.927535,-43.957686
figure2,-19.927903,-43.957777
figure2,-19.928261,-43.957659
figure2,-19.92847,-43.9577
figure2,-19.928919,-43.95779
figure2,-19.929373,-43.957904
figure2,-19.929785,-43.958035
figure2,-19.930135,-43.958174
figure2,-19.931773,-43.958709
figure2,-19.932174,-43.958793
figure2,-19.932572,-43.958801
figure2,-19.932962,-43.958855
figure2,-19.933363,-43.958962
figure2,-19.93379,-43.95906
figure2,-19.934127,-43.959157
figure2,-19.934247,-43.958805
figure2,-19.93438,-43.958453
figure2,-19.934486,-43.958098
figure2,-19.93459,-43.957752
figure2,-19.934713,-43.957495
figure2,-19.93467,-43.957132
figure2,-19.934858,-43.95683
figure2,-19.93471,-43.956769
figure2,-19.933573,-43.956291
figure2,-19.933399,-43.956222
figure2,-19.932985,-43.956152
figure2,-19.932632,-43.956051
figure2,-19.932289,-43.955971
figure2,-19.931974,-43.955913
figure2,-19.931642,-43.955824
figure2,-19.931348,-43.955711
figure2,-19.930953,-43.955563
figure2,-19.930581,-43.955496
figure2,-19.930215,-43.955332
figure2,-19.929857,-43.955219
figure2,-19.929511,-43.955115
figure2,-19.929538,-43.954721
figure2,-19.929576,-43.954365
figure2,-19.929712,-43.954022
figure2,-19.930077,-43.953989
figure2,-19.930835,-43.954619
figure2,-19.930839,-43.95514
figure2,-19.930813,-43.955575
figure2,-19.931234,-43.955758
figure2,-19.931583,-43.95583
figure2,-19.932051,-43.956093
figure2,-19.932481,-43.956189
figure2,-19.93293,-43.956257
figure2,-19.933454,-43.956407
figure2,-19.933832,-43.956515
figure2,-19.934213,-43.956666
figure2,-19.934587,-43.956637
figure2,-19.93492,-43.956842
figure2,-19.935201,-43.956935
figure2,-19.935507,-43.956725
figure2,-19.935683,-43.956785
figure2,-19.936157,-43.95511
figure2,-19.9363,-43.954822
figure2,-19.936094,-43.954588
figure2,-19.936301,-43.954292
figure2,-19.936395,-43.953908
figure2,-19.936466,-43.953541
figure2,-19.936292,-43.953359
figure2,-19.935903,-43.953266
figure2,-19.935564,-43.953105
figure2,-19.935114,-43.952963
figure2,-19.934537,-43.952688
figure2,-19.934245,-43.952418
figure2,-19.933949,-43.952243
figure2,-19.933727,-43.951891
figure2,-19.933454,-43.951415
figure2,-19.933205,-43.950939
figure2,-19.933124,-43.950441
figure2,-19.932285,-43.949283
figure2,-19.932063,-43.948983
figure2,-19.931871,-43.948629
figure2,-19.93157,-43.948309
figure2,-19.931378,-43.947889
figure2,-19.931321,-43.947467
figure2,-19.931469,-43.94708
figure2,-19.931641,-43.946702
figure2,-19.931677,-43.9462
figure2,-19.931576,-43.945735
figure2,-19.93182,-43.945398
figure2,-19.931917,-43.944961
figure2,-19.932189,-43.944845
figure2,-19.932719,-43.945048
figure2,-19.933134,-43.945131
figure2,-19.933522,-43.945405
figure2,-19.934438,-43.945572
figure2,-19.933978,-43.945496
figure2,-19.933636,-43.945344
figure2,-19.933366,-43.945232
figure2,-19.933146,-43.945457
figure2,-19.933086,-43.945843
figure2,-19.932798,-43.946504
figure2,-19.93271,-43.946846
figure2,-19.932792,-43.947153
figure2,-19.93287,-43.947667
figure2,-19.932625,-43.947983
figure2,-19.932844,-43.947945
figure2,-19.933335,-43.947991
figure2,-19.933653,-43.948194
figure2,-19.93391,-43.948234
